{
	"credit": "Made with Blockbench, Pompier15 www.matrice-software.fr",
	"textures": {
		"particle": "block/birch_trapdoor",
		"texture": "block/birch_trapdoor",
		"texture1": "ctm/trapdoors/birch/front"
	},
	"elements": [
		{
			"name": "Box1",
			"from": [0, 0.5, 0],
			"to": [16, 2.5, 16],
			"faces": {
				"north": {"uv": [0, 0.5, 16, 2.5], "texture": "#texture1"},
				"east": {"uv": [0, 0.5, 16, 2.5], "texture": "#texture1"},
				"south": {"uv": [0, 0.5, 16, 2.5], "texture": "#texture1"},
				"west": {"uv": [0, 0.5, 16, 2.5], "texture": "#texture1"},
				"up": {"uv": [0, 16, 16, 0], "texture": "#texture"},
				"down": {"uv": [0, 0, 16, 16], "texture": "#texture"}
			}
		},
		{
			"name": "Box2",
			"from": [0, 2.5, 3],
			"to": [3, 3, 13],
			"faces": {
				"north": {"uv": [13, 0, 16, 0.5], "texture": "#texture"},
				"east": {"uv": [3, 0, 13, 0.5], "texture": "#texture"},
				"south": {"uv": [0, 0, 3, 0.5], "texture": "#texture"},
				"west": {"uv": [3, 0, 13, 0.5], "texture": "#texture"},
				"up": {"uv": [0, 13, 3, 3], "texture": "#texture"},
				"down": {"uv": [0, 3, 3, 13], "texture": "#texture"}
			}
		},
		{
			"name": "Box2",
			"from": [13, 2.5, 3],
			"to": [16, 3, 13],
			"faces": {
				"north": {"uv": [0, 0, 3, 0.5], "texture": "#texture"},
				"east": {"uv": [3, 0, 13, 0.5], "texture": "#texture"},
				"south": {"uv": [13, 0, 16, 0.5], "texture": "#texture"},
				"west": {"uv": [3, 0, 13, 0.5], "texture": "#texture"},
				"up": {"uv": [13, 13, 16, 3], "texture": "#texture"},
				"down": {"uv": [13, 3, 16, 13], "texture": "#texture"}
			}
		},
		{
			"name": "Box2",
			"from": [0, 2.5, 0],
			"to": [16, 3, 3],
			"faces": {
				"north": {"uv": [0, 0, 16, 0.5], "texture": "#texture"},
				"east": {"uv": [13, 0, 16, 0.5], "texture": "#texture"},
				"south": {"uv": [0, 0, 16, 0.5], "texture": "#texture"},
				"west": {"uv": [0, 0, 3, 0.5], "texture": "#texture"},
				"up": {"uv": [0, 16, 16, 13], "texture": "#texture"},
				"down": {"uv": [0, 3, 16, 0], "texture": "#texture"}
			}
		},
		{
			"name": "Box2",
			"from": [0, 2.5, 13],
			"to": [16, 3, 16],
			"faces": {
				"north": {"uv": [0, 0, 16, 0.5], "texture": "#texture"},
				"east": {"uv": [0, 0, 3, 0.5], "texture": "#texture"},
				"south": {"uv": [0, 0, 16, 0.5], "texture": "#texture"},
				"west": {"uv": [13, 0, 16, 0.5], "texture": "#texture"},
				"up": {"uv": [0, 3, 16, 0], "texture": "#texture"},
				"down": {"uv": [0, 0, 16, 3], "texture": "#texture"}
			}
		},
		{
			"name": "Box2",
			"from": [5, 2.5, 3],
			"to": [11, 3, 4],
			"faces": {
				"north": {"uv": [5.5, 0, 10.5, 0.5], "texture": "#texture"},
				"east": {"uv": [12.5, 0, 13, 0.5], "texture": "#texture"},
				"south": {"uv": [5.5, 0, 10.5, 0.5], "texture": "#texture"},
				"west": {"uv": [3, 0, 3.5, 0.5], "texture": "#texture"},
				"up": {"uv": [5, 13, 11, 12], "texture": "#texture"},
				"down": {"uv": [5.5, 12.5, 10.5, 13], "texture": "#texture"}
			}
		},
		{
			"name": "Box3",
			"from": [5, 0, 3],
			"to": [11, 0.5, 4],
			"faces": {
				"north": {"uv": [5.5, 0, 10.5, 0.5], "texture": "#texture"},
				"east": {"uv": [12.5, 0, 13, 0.5], "texture": "#texture"},
				"south": {"uv": [5.5, 0, 10.5, 0.5], "texture": "#texture"},
				"west": {"uv": [3, 0, 3.5, 0.5], "texture": "#texture"},
				"up": {"uv": [5, 13, 11, 12], "texture": "#texture"},
				"down": {"uv": [5, 12, 11, 13], "texture": "#texture"}
			}
		},
		{
			"name": "Box2",
			"from": [0, 0, 3],
			"to": [3, 0.5, 13],
			"faces": {
				"north": {"uv": [13, 2.5, 16, 3], "texture": "#texture"},
				"east": {"uv": [0, 3, 0.5, 13], "texture": "#texture"},
				"south": {"uv": [0, 2.5, 3, 3], "texture": "#texture"},
				"west": {"uv": [3, 2.5, 13, 3], "texture": "#texture"},
				"up": {"uv": [0, 3, 3, 13], "texture": "#texture"},
				"down": {"uv": [0, 13, 3, 3], "texture": "#texture"}
			}
		},
		{
			"name": "Box2",
			"from": [13, 0, 3],
			"to": [16, 0.5, 13],
			"faces": {
				"north": {"uv": [0, 0, 3, 0.5], "texture": "#texture"},
				"east": {"uv": [3, 0, 13, 0.5], "texture": "#texture"},
				"south": {"uv": [13, 0, 16, 0.5], "texture": "#texture"},
				"west": {"uv": [3, 0, 13, 0.5], "texture": "#texture"},
				"up": {"uv": [13, 3, 16, 13], "texture": "#texture"},
				"down": {"uv": [13, 13, 16, 3], "texture": "#texture"}
			}
		},
		{
			"name": "Box2",
			"from": [0, 0, 0],
			"to": [16, 0.5, 3],
			"faces": {
				"north": {"uv": [0, 0, 16, 0.5], "texture": "#texture"},
				"east": {"uv": [13, 0, 16, 0.5], "texture": "#texture"},
				"south": {"uv": [0, 0, 16, 0.5], "texture": "#texture"},
				"west": {"uv": [0, 0, 3, 0.5], "texture": "#texture"},
				"up": {"uv": [0, 16, 16, 13], "texture": "#texture"},
				"down": {"uv": [0, 13, 16, 16], "texture": "#texture"}
			}
		},
		{
			"name": "Box2",
			"from": [0, 0, 13],
			"to": [16, 0.5, 16],
			"faces": {
				"north": {"uv": [0, 0, 16, 0.5], "texture": "#texture"},
				"east": {"uv": [0, 0, 3, 0.5], "texture": "#texture"},
				"south": {"uv": [0, 0, 16, 0.5], "texture": "#texture"},
				"west": {"uv": [13, 0, 16, 0.5], "texture": "#texture"},
				"up": {"uv": [0, 3, 16, 0], "texture": "#texture"},
				"down": {"uv": [0, 0, 16, 3], "texture": "#texture"}
			}
		},
		{
			"from": [6, 3, 1.5],
			"to": [10, 3.25, 2.5],
			"faces": {
				"north": {"uv": [6, 14, 10, 14.25], "texture": "#texture"},
				"east": {"uv": [9, 14, 10, 14.25], "texture": "#texture"},
				"south": {"uv": [6, 13.5, 10, 13.75], "texture": "#texture"},
				"west": {"uv": [6, 14, 7, 14.25], "texture": "#texture"},
				"up": {"uv": [6, 14.5, 10, 13.5], "texture": "#texture"},
				"down": {"uv": [0, 0, 4, 1], "texture": "#missing"}
			}
		},
		{
			"from": [6, -0.25, 1.5],
			"to": [10, 0, 2.5],
			"faces": {
				"north": {"uv": [6, 14, 10, 14.25], "texture": "#texture"},
				"east": {"uv": [9, 14, 10, 14.25], "texture": "#texture"},
				"south": {"uv": [6, 13.5, 10, 13.75], "texture": "#texture"},
				"west": {"uv": [6, 14, 7, 14.25], "texture": "#texture"},
				"up": {"uv": [6, 15, 10, 14], "texture": "#missing"},
				"down": {"uv": [6, 13.5, 10, 14.5], "texture": "#texture"}
			}
		},
		{
			"from": [6, 3, 1.5],
			"to": [10, 3.25, 2.5],
			"faces": {
				"north": {"uv": [6, 14, 10, 14.25], "texture": "#texture"},
				"east": {"uv": [9, 14, 10, 14.25], "texture": "#texture"},
				"south": {"uv": [6, 13.5, 10, 13.75], "texture": "#texture"},
				"west": {"uv": [6, 14, 7, 14.25], "texture": "#texture"},
				"up": {"uv": [6, 14.5, 10, 13.5], "texture": "#texture"},
				"down": {"uv": [0, 0, 4, 1], "texture": "#missing"}
			}
		},
		{
			"name": "Box3",
			"from": [5, 2.5, 3],
			"to": [11, 3, 4],
			"faces": {
				"north": {"uv": [5.5, 0, 10.5, 0.5], "texture": "#texture"},
				"east": {"uv": [12.5, 0, 13, 0.5], "texture": "#texture"},
				"south": {"uv": [5.5, 0, 10.5, 0.5], "texture": "#texture"},
				"west": {"uv": [3, 0, 3.5, 0.5], "texture": "#texture"},
				"up": {"uv": [5, 13, 11, 12], "texture": "#texture"},
				"down": {"uv": [5.5, 12.5, 10.5, 13], "texture": "#texture"}
			}
		},
		{
			"from": [6, -0.25, 1.5],
			"to": [10, 0, 2.5],
			"faces": {
				"north": {"uv": [6, 14, 10, 14.25], "texture": "#texture"},
				"east": {"uv": [9, 14, 10, 14.25], "texture": "#texture"},
				"south": {"uv": [6, 13.5, 10, 13.75], "texture": "#texture"},
				"west": {"uv": [6, 14, 7, 14.25], "texture": "#texture"},
				"up": {"uv": [6, 15, 10, 14], "texture": "#missing"},
				"down": {"uv": [6, 13.5, 10, 14.5], "texture": "#texture"}
			}
		},
		{
			"name": "Box4",
			"from": [5, 0, 3],
			"to": [11, 0.5, 4],
			"faces": {
				"north": {"uv": [5.5, 0, 10.5, 0.5], "texture": "#texture"},
				"east": {"uv": [12.5, 0, 13, 0.5], "texture": "#texture"},
				"south": {"uv": [5.5, 0, 10.5, 0.5], "texture": "#texture"},
				"west": {"uv": [3, 0, 3.5, 0.5], "texture": "#texture"},
				"up": {"uv": [5, 13, 11, 12], "texture": "#texture"},
				"down": {"uv": [5, 12, 11, 13], "texture": "#texture"}
			}
		}
	],
	"display": {
		"thirdperson_righthand": {
			"rotation": [75, 45, 0],
			"translation": [0, 2.5, 2],
			"scale": [0.375, 0.375, 0.375]
		},
		"thirdperson_lefthand": {
			"rotation": [75, 45, 0],
			"translation": [0, 2.5, 0],
			"scale": [0.375, 0.375, 0.375]
		},
		"firstperson_righthand": {
			"rotation": [0, 45, 0],
			"translation": [0, 4.2, 0],
			"scale": [0.4, 0.4, 0.4]
		},
		"firstperson_lefthand": {
			"rotation": [0, 225, 0],
			"translation": [0, 4.2, 0],
			"scale": [0.4, 0.4, 0.4]
		},
		"ground": {
			"translation": [0, 3, 0],
			"scale": [0.25, 0.25, 0.25]
		},
		"gui": {
			"rotation": [30, 225, 0],
			"scale": [0.625, 0.625, 0.625]
		},
		"fixed": {
			"scale": [0.5, 0.5, 0.5]
		}
	}
}