{
	"__comment": "Designed by Kikipunk with Cubik Studio - https://cubik.studio , Pompier15 www.matrice-software.fr",
	"textures": {
		"particle": "block/spruce_trapdoor",
		"texture": "block/spruce_trapdoor",
		"texture1": "ctm/trapdoors/spruce/front",
		"texture2": "ctm/trapdoors/spruce/side"
	},
	"elements": [ 	 
		{
			"__comment": "Box1",
			"from": [ 0, 0, 13 ],
			"to": [ 16, 16, 16 ],
			"faces": {
				"down": { "uv": [ 0, 3, 16, 0 ], "texture": "#texture1" },
				"up": { "uv": [ 0, 0, 16, 3 ], "texture": "#texture1" },
				"north": { "uv": [ 16, 16, 0, 0 ], "texture": "#texture", "rotation": 180 },
				"south": { "uv": [ 0, 0, 16, 16 ], "texture": "#texture", "rotation": 180 },
				"west": { "uv": [ 0, 0, 16, 3 ], "texture": "#texture2", "rotation": 270 },
				"east": { "uv": [ 0, 0, 16, 3 ], "texture": "#texture2", "rotation": 90 }
			}
		},
		{
			"__comment": "Box2",
			"from": [ 0, 12.5, 12.75 ],
			"to": [ 16, 13, 13 ],
			"faces": {
				"down": { "uv": [ 16, 3.5, 0, 3 ], "texture": "#texture" },
				"up": { "uv": [ 16, 3, 0, 3.5 ], "texture": "#texture" },
				"north": { "uv": [ 16, 3.5, 0, 3 ], "texture": "#texture", "rotation": 180 },
				"south": { "uv": [ 0, 12.5, 16, 13 ], "texture": "#texture", "rotation": 180 },
				"west": { "uv": [ 15.5, 3, 16, 3.5 ], "texture": "#texture", "rotation": 270 },
				"east": { "uv": [ 0, 3, 0.5, 3.5 ], "texture": "#texture", "rotation": 90 }
			}
		},
		{
			"__comment": "Box2",
			"from": [ 0, 3, 12.75 ],
			"to": [ 16, 3.5, 13 ],
			"faces": {
				"down": { "uv": [ 16, 3.5, 0, 3 ], "texture": "#texture" },
				"up": { "uv": [ 16, 3, 0, 3.5 ], "texture": "#texture" },
				"north": { "uv": [ 16, 3.5, 0, 3 ], "texture": "#texture", "rotation": 180 },
				"south": { "uv": [ 0, 12.5, 16, 13 ], "texture": "#texture", "rotation": 180 },
				"west": { "uv": [ 15.5, 3, 16, 3.5 ], "texture": "#texture", "rotation": 270 },
				"east": { "uv": [ 0, 3, 0.5, 3.5 ], "texture": "#texture", "rotation": 90 }
			}
		},
		{
			"__comment": "Box2",
			"from": [ 0, 3, 16 ],
			"to": [ 16, 3.5, 16.25 ],
			"faces": {
				"down": { "uv": [ 16, 3.5, 0, 3 ], "texture": "#texture" },
				"up": { "uv": [ 16, 3, 0, 3.5 ], "texture": "#texture" },
				"north": { "uv": [ 16, 3.5, 0, 3 ], "texture": "#texture", "rotation": 180 },
				"south": { "uv": [ 0, 12.5, 16, 13 ], "texture": "#texture", "rotation": 180 },
				"west": { "uv": [ 15.5, 3, 16, 3.5 ], "texture": "#texture", "rotation": 270 },
				"east": { "uv": [ 0, 3, 0.5, 3.5 ], "texture": "#texture", "rotation": 90 }
			}
		},
		{
			"__comment": "Box2",
			"from": [ 0, 12.5, 16 ],
			"to": [ 16, 13, 16.25 ],
			"faces": {
				"down": { "uv": [ 16, 3.5, 0, 3 ], "texture": "#texture" },
				"up": { "uv": [ 16, 3, 0, 3.5 ], "texture": "#texture" },
				"north": { "uv": [ 16, 3.5, 0, 3 ], "texture": "#texture", "rotation": 180 },
				"south": { "uv": [ 0, 12.5, 16, 13 ], "texture": "#texture", "rotation": 180 },
				"west": { "uv": [ 15.5, 3, 16, 3.5 ], "texture": "#texture", "rotation": 270 },
				"east": { "uv": [ 0, 3, 0.5, 3.5 ], "texture": "#texture", "rotation": 90 }
			}
		},
		{
			"__comment": "Box2",
			"from": [ 16, 12.5, 13 ],
			"to": [ 16.25, 13, 16 ],
			"faces": {
				"down": { "uv": [ 3, 3, 3.5, 0 ], "texture": "#texture2" },
				"up": { "uv": [ 3.5, 0, 3, 3 ], "texture": "#texture2" },
				"north": { "uv": [ 3.5, 0.5, 3, 0 ], "texture": "#texture2", "rotation": 180 },
				"south": { "uv": [ 3, 2.5, 3.5, 3 ], "texture": "#texture2", "rotation": 180 },
				"west": { "uv": [ 3.5, 0, 3, 3 ], "texture": "#texture2", "rotation": 270 },
				"east": { "uv": [ 3.5, 0, 3, 3 ], "texture": "#texture2", "rotation": 90 }
			}
		},
		{
			"__comment": "Box2",
			"from": [ 16, 3, 13 ],
			"to": [ 16.25, 3.5, 16 ],
			"faces": {
				"down": { "uv": [ 3, 3, 3.5, 0 ], "texture": "#texture2" },
				"up": { "uv": [ 3.5, 0, 3, 3 ], "texture": "#texture2" },
				"north": { "uv": [ 3.5, 0.5, 3, 0 ], "texture": "#texture2", "rotation": 180 },
				"south": { "uv": [ 3, 2.5, 3.5, 3 ], "texture": "#texture2", "rotation": 180 },
				"west": { "uv": [ 3.5, 0, 3, 3 ], "texture": "#texture2", "rotation": 270 },
				"east": { "uv": [ 3.5, 0, 3, 3 ], "texture": "#texture2", "rotation": 90 }
			}
		},
		{
			"__comment": "Box2",
			"from": [ -0.25, 3, 13 ],
			"to": [ 0, 3.5, 16 ],
			"faces": {
				"down": { "uv": [ 3, 3, 3.5, 0 ], "texture": "#texture2" },
				"up": { "uv": [ 3.5, 0, 3, 3 ], "texture": "#texture2" },
				"north": { "uv": [ 3.5, 0.5, 3, 0 ], "texture": "#texture2", "rotation": 180 },
				"south": { "uv": [ 3, 2.5, 3.5, 3 ], "texture": "#texture2", "rotation": 180 },
				"west": { "uv": [ 3.5, 0, 3, 3 ], "texture": "#texture2", "rotation": 270 },
				"east": { "uv": [ 3.5, 0, 3, 3 ], "texture": "#texture2", "rotation": 90 }
			}
		},
		{
			"__comment": "Box2",
			"from": [ -0.25, 12.5, 13 ],
			"to": [ 0, 13, 16 ],
			"faces": {
				"down": { "uv": [ 3, 3, 3.5, 0 ], "texture": "#texture2" },
				"up": { "uv": [ 3.5, 0, 3, 3 ], "texture": "#texture2" },
				"north": { "uv": [ 3.5, 0.5, 3, 0 ], "texture": "#texture2", "rotation": 180 },
				"south": { "uv": [ 3, 2.5, 3.5, 3 ], "texture": "#texture2", "rotation": 180 },
				"west": { "uv": [ 3.5, 0, 3, 3 ], "texture": "#texture2", "rotation": 270 },
				"east": { "uv": [ 3.5, 0, 3, 3 ], "texture": "#texture2", "rotation": 90 }
			}
		}
	]
}