{
	"credit": "Made with Blockbench, Pompier15 www.matrice-software.fr",
	"textures": {
		"0": "block/warped_door_bottom",
		"1": "ctm/doors/warped/sides",
		"particle": "block/warped_door_bottom"
	},
	"elements": [
		{
			"from": [0, 0, 0],
			"to": [3, 16, 16],
			"faces": {
				"north": {"uv": [3.5, 0, 6.5, 16], "texture": "#1"},
				"east": {"uv": [0, 0, 16, 16], "texture": "#0"},
				"south": {"uv": [3.5, 0, 6.5, 16], "texture": "#1"},
				"west": {"uv": [16, 0, 0, 16], "texture": "#0"},
				"up": {"uv": [10.5, 0, 13.5, 16], "rotation": 180, "texture": "#1"},
				"down": {"uv": [7, 0, 10, 16], "rotation": 180, "texture": "#1"}
			}
		},
		{
			"from": [2, 4, 15],
			"to": [3.25, 6, 16.25],
			"faces": {
				"north": {"uv": [0.5, 10, 1, 12], "texture": "#0"},
				"east": {"uv": [0, 10, 1, 12], "texture": "#0"},
				"south": {"uv": [0, 10, 0.5, 12], "texture": "#0"},
				"west": {"uv": [1, 10, 0, 12], "texture": "#0"},
				"up": {"uv": [0, 10, 0.5, 10.5], "rotation": 180, "texture": "#0"},
				"down": {"uv": [0, 11.5, 0.5, 12], "rotation": 180, "texture": "#0"}
			}
		},
		{
			"from": [-0.25, 4, 15],
			"to": [1, 6, 16.25],
			"faces": {
				"north": {"uv": [0.5, 10, 1, 12], "texture": "#0"},
				"east": {"uv": [0, 10, 1, 12], "texture": "#0"},
				"south": {"uv": [0, 10, 0.5, 12], "texture": "#0"},
				"west": {"uv": [1, 10, 0, 12], "texture": "#0"},
				"up": {"uv": [0, 10, 0.5, 10.5], "rotation": 180, "texture": "#0"},
				"down": {"uv": [0, 11.5, 0.5, 12], "rotation": 180, "texture": "#0"}
			}
		},
		{
			"from": [2, 15, 15],
			"to": [3.25, 16, 16.25],
			"faces": {
				"north": {"uv": [0.5, 0, 1, 1], "texture": "#0"},
				"east": {"uv": [0, 0, 1, 1], "texture": "#0"},
				"south": {"uv": [0, 0, 0.5, 1], "texture": "#0"},
				"west": {"uv": [1, 0, 0, 1], "texture": "#0"},
				"up": {"uv": [0, 0, 0.5, 0.5], "rotation": 180, "texture": "#0"},
				"down": {"uv": [0, 0, 0.5, 0.5], "rotation": 180, "texture": "#0"}
			}
		},
		{
			"from": [-0.25, 15, 15],
			"to": [1, 16, 16.25],
			"faces": {
				"north": {"uv": [0.5, 0, 1, 1], "texture": "#0"},
				"east": {"uv": [0, 0, 1, 1], "texture": "#0"},
				"south": {"uv": [0, 0, 0.5, 1], "texture": "#0"},
				"west": {"uv": [1, 0, 0, 1], "texture": "#0"},
				"up": {"uv": [0, 0, 0.5, 0.5], "rotation": 180, "texture": "#0"},
				"down": {"uv": [0, 0, 0.5, 0.5], "rotation": 180, "texture": "#0"}
			}
		},
		{
			"from": [3, 15.5, 1.5],
			"to": [3.25, 16, 3.5],
			"faces": {
				"north": {"uv": [12.5, 0, 12.75, 0.5], "texture": "#0"},
				"east": {"uv": [12.5, 0, 12.75, 0.5], "texture": "#0"},
				"south": {"uv": [12.5, 0, 12.75, 0.5], "texture": "#0"},
				"west": {"uv": [12.5, 0, 12.75, 0.5], "texture": "#0"},
				"up": {"uv": [12.5, 0, 12.75, 0.5], "rotation": 180, "texture": "#0"},
				"down": {"uv": [12.5, 0, 12.75, 0.5], "rotation": 180, "texture": "#0"}
			}
		},
		{
			"from": [-0.25, 15.5, 1.5],
			"to": [0, 16, 3.5],
			"faces": {
				"north": {"uv": [12.5, 0, 12.75, 0.5], "texture": "#0"},
				"east": {"uv": [12.5, 0, 12.75, 0.5], "texture": "#0"},
				"south": {"uv": [12.5, 0, 12.75, 0.5], "texture": "#0"},
				"west": {"uv": [12.5, 0, 12.75, 0.5], "texture": "#0"},
				"up": {"uv": [12.5, 0, 12.75, 0.5], "rotation": 180, "texture": "#0"},
				"down": {"uv": [12.5, 0, 12.75, 0.5], "rotation": 180, "texture": "#0"}
			}
		}
	],
	"groups": [
		{
			"name": "group",
			"origin": [8, 8, 8],
			"color": 0,
			"children": [0, 1, 2, 3, 4, 5, 6]
		}
	]
}