{
	"credit": "Made with Blockbench",
	"textures": {
		"2": "ctm/mob_spawner/2",
		"particle": "ctm/mob_spawner/2"
	},
	"elements": [
		{
			"name": "Box2",
			"from": [0, 15, 1],
			"to": [1, 16, 16],
			"faces": {
				"east": {"uv": [1, 16, 0.5, 1], "rotation": 270, "texture": "#2"},
				"south": {"uv": [0, 15.5, 1, 16], "texture": "#2"},
				"west": {"uv": [0, 1, 0.5, 16], "rotation": 270, "texture": "#2"},
				"up": {"uv": [0, 1, 1, 16], "texture": "#2"},
				"down": {"uv": [0, 16, 1, 1], "texture": "#2"}
			}
		},
		{
			"name": "Box3",
			"from": [1, 15, 2],
			"to": [16, 16, 3],
			"faces": {
				"north": {"uv": [16, 2, 1, 2.5], "texture": "#2"},
				"south": {"uv": [1, 2.5, 16, 3], "texture": "#2"},
				"up": {"uv": [1, 2, 16, 3], "texture": "#2"},
				"down": {"uv": [1, 3, 16, 2], "texture": "#2"}
			}
		},
		{
			"name": "Box4",
			"from": [1, 15, 5],
			"to": [6, 16, 6],
			"faces": {
				"north": {"uv": [6, 5, 1, 5.5], "texture": "#2"},
				"east": {"uv": [6, 6, 5.5, 5], "rotation": 270, "texture": "#2"},
				"south": {"uv": [1, 5.5, 6, 6], "texture": "#2"},
				"up": {"uv": [1, 5, 6, 6], "texture": "#2"},
				"down": {"uv": [1, 6, 6, 5], "texture": "#2"}
			}
		},
		{
			"name": "Box5",
			"from": [1, 15, 10],
			"to": [6, 16, 11],
			"faces": {
				"north": {"uv": [6, 10, 1, 10.5], "texture": "#2"},
				"east": {"uv": [6, 11, 5.5, 10], "rotation": 270, "texture": "#2"},
				"south": {"uv": [1, 10.5, 6, 11], "texture": "#2"},
				"up": {"uv": [1, 10, 6, 11], "texture": "#2"},
				"down": {"uv": [1, 11, 6, 10], "texture": "#2"}
			}
		},
		{
			"name": "Box6",
			"from": [1, 15, 13],
			"to": [16, 16, 14],
			"faces": {
				"north": {"uv": [16, 13, 1, 13.5], "texture": "#2"},
				"south": {"uv": [1, 13.5, 16, 14], "texture": "#2"},
				"up": {"uv": [1, 13, 16, 14], "texture": "#2"},
				"down": {"uv": [1, 14, 16, 13], "texture": "#2"}
			}
		},
		{
			"name": "Box8",
			"from": [2, 15, 1],
			"to": [3, 16, 15],
			"faces": {
				"east": {"uv": [3, 15, 2.5, 1], "rotation": 270, "texture": "#2"},
				"west": {"uv": [2, 1, 2.5, 15], "rotation": 270, "texture": "#2"},
				"up": {"uv": [2, 1, 3, 15], "texture": "#2"},
				"down": {"uv": [2, 15, 3, 1], "texture": "#2"}
			}
		},
		{
			"name": "Box9",
			"from": [5, 15, 1],
			"to": [6, 16, 5],
			"faces": {
				"east": {"uv": [6, 5, 5.5, 1], "rotation": 270, "texture": "#2"},
				"west": {"uv": [5, 1, 5.5, 5], "rotation": 270, "texture": "#2"},
				"up": {"uv": [5, 1, 6, 5], "texture": "#2"},
				"down": {"uv": [5, 5, 6, 1], "texture": "#2"}
			}
		},
		{
			"name": "Box10",
			"from": [5, 15, 11],
			"to": [6, 16, 15],
			"faces": {
				"east": {"uv": [6, 15, 5.5, 11], "rotation": 270, "texture": "#2"},
				"west": {"uv": [5, 11, 5.5, 15], "rotation": 270, "texture": "#2"},
				"up": {"uv": [5, 11, 6, 15], "texture": "#2"},
				"down": {"uv": [5, 15, 6, 11], "texture": "#2"}
			}
		},
		{
			"name": "Box11",
			"from": [10, 15, 1],
			"to": [11, 16, 6],
			"faces": {
				"east": {"uv": [11, 6, 10.5, 1], "rotation": 270, "texture": "#2"},
				"south": {"uv": [10, 5.5, 11, 6], "texture": "#2"},
				"west": {"uv": [10, 1, 10.5, 6], "rotation": 270, "texture": "#2"},
				"up": {"uv": [10, 1, 11, 6], "texture": "#2"},
				"down": {"uv": [10, 6, 11, 1], "texture": "#2"}
			}
		},
		{
			"name": "Box12",
			"from": [10, 15, 10],
			"to": [16, 16, 11],
			"faces": {
				"north": {"uv": [16, 10, 10, 10.5], "texture": "#2"},
				"south": {"uv": [10, 10.5, 16, 11], "texture": "#2"},
				"west": {"uv": [10, 10, 10.5, 11], "rotation": 270, "texture": "#2"},
				"up": {"uv": [10, 10, 16, 11], "texture": "#2"},
				"down": {"uv": [10, 11, 16, 10], "texture": "#2"}
			}
		},
		{
			"name": "Box13",
			"from": [10, 15, 11],
			"to": [11, 16, 15],
			"faces": {
				"east": {"uv": [11, 15, 10.5, 11], "rotation": 270, "texture": "#2"},
				"west": {"uv": [10, 11, 10.5, 15], "rotation": 270, "texture": "#2"},
				"up": {"uv": [10, 11, 11, 15], "texture": "#2"},
				"down": {"uv": [10, 15, 11, 11], "texture": "#2"}
			}
		},
		{
			"name": "Box14",
			"from": [11, 15, 5],
			"to": [16, 16, 6],
			"faces": {
				"north": {"uv": [16, 5, 11, 5.5], "texture": "#2"},
				"south": {"uv": [11, 5.5, 16, 6], "texture": "#2"},
				"up": {"uv": [11, 5, 16, 6], "texture": "#2"},
				"down": {"uv": [11, 6, 16, 5], "texture": "#2"}
			}
		},
		{
			"name": "Box15",
			"from": [13, 15, 1],
			"to": [14, 16, 15],
			"faces": {
				"east": {"uv": [14, 15, 13.5, 1], "rotation": 270, "texture": "#2"},
				"west": {"uv": [13, 1, 13.5, 15], "rotation": 270, "texture": "#2"},
				"up": {"uv": [13, 1, 14, 15], "texture": "#2"},
				"down": {"uv": [13, 15, 14, 1], "texture": "#2"}
			}
		},
		{
			"name": "Box1",
			"from": [0, 0, 0],
			"to": [1, 1, 16],
			"faces": {
				"east": {"uv": [16, 1, 0, 0], "texture": "#2"},
				"south": {"uv": [16, 1, 15.5, 0], "texture": "#2"},
				"west": {"uv": [0, 1, 16, 0], "texture": "#2"},
				"up": {"uv": [0, 0.5, 16, 1], "rotation": 90, "texture": "#2"},
				"down": {"uv": [0, 0.5, 16, 0], "rotation": 270, "texture": "#2"}
			}
		},
		{
			"name": "Box2",
			"from": [0, 1, 0],
			"to": [1, 16, 1],
			"faces": {
				"north": {"uv": [0, 1, 0.5, 16], "rotation": 180, "texture": "#2"},
				"east": {"uv": [1, 16, 0, 1], "texture": "#2"},
				"south": {"uv": [1, 16, 0.5, 1], "texture": "#2"},
				"west": {"uv": [0, 16, 1, 1], "texture": "#2"},
				"up": {"uv": [0, 15.5, 1, 16], "rotation": 90, "texture": "#2"}
			}
		},
		{
			"name": "Box8",
			"from": [0, 1, 2],
			"to": [1, 15, 3],
			"faces": {
				"north": {"uv": [2, 1, 2.5, 15], "rotation": 180, "texture": "#2"},
				"east": {"uv": [3, 15, 2, 1], "texture": "#2"},
				"south": {"uv": [3, 15, 2.5, 1], "texture": "#2"},
				"west": {"uv": [2, 15, 3, 1], "texture": "#2"}
			}
		},
		{
			"name": "Box9",
			"from": [0, 1, 5],
			"to": [1, 5, 6],
			"faces": {
				"north": {"uv": [5, 1, 5.5, 5], "rotation": 180, "texture": "#2"},
				"east": {"uv": [6, 5, 5, 1], "texture": "#2"},
				"south": {"uv": [6, 5, 5.5, 1], "texture": "#2"},
				"west": {"uv": [5, 5, 6, 1], "texture": "#2"}
			}
		},
		{
			"name": "Box11",
			"from": [0, 1, 10],
			"to": [1, 6, 11],
			"faces": {
				"north": {"uv": [10, 1, 10.5, 6], "rotation": 180, "texture": "#2"},
				"east": {"uv": [11, 6, 10, 1], "texture": "#2"},
				"south": {"uv": [11, 6, 10.5, 1], "texture": "#2"},
				"west": {"uv": [10, 6, 11, 1], "texture": "#2"},
				"up": {"uv": [10, 5.5, 11, 6], "rotation": 90, "texture": "#2"}
			}
		},
		{
			"name": "Box15",
			"from": [0, 1, 13],
			"to": [1, 15, 14],
			"faces": {
				"north": {"uv": [13, 1, 13.5, 15], "rotation": 180, "texture": "#2"},
				"east": {"uv": [14, 15, 13, 1], "texture": "#2"},
				"south": {"uv": [14, 15, 13.5, 1], "texture": "#2"},
				"west": {"uv": [13, 15, 14, 1], "texture": "#2"}
			}
		},
		{
			"name": "Box16",
			"from": [0, 1, 15],
			"to": [1, 15, 16],
			"faces": {
				"north": {"uv": [15, 1, 15.5, 15], "rotation": 180, "texture": "#2"},
				"east": {"uv": [16, 15, 15, 1], "texture": "#2"},
				"south": {"uv": [16, 15, 15.5, 1], "texture": "#2"},
				"west": {"uv": [15, 15, 16, 1], "texture": "#2"}
			}
		},
		{
			"name": "Box3",
			"from": [0, 2, 1],
			"to": [1, 3, 16],
			"faces": {
				"east": {"uv": [16, 3, 1, 2], "texture": "#2"},
				"west": {"uv": [1, 3, 16, 2], "texture": "#2"},
				"up": {"uv": [1, 2.5, 16, 3], "rotation": 90, "texture": "#2"},
				"down": {"uv": [1, 2.5, 16, 2], "rotation": 270, "texture": "#2"}
			}
		},
		{
			"name": "Box4",
			"from": [0, 5, 1],
			"to": [1, 6, 6],
			"faces": {
				"east": {"uv": [6, 6, 1, 5], "texture": "#2"},
				"south": {"uv": [6, 6, 5.5, 5], "texture": "#2"},
				"west": {"uv": [1, 6, 6, 5], "texture": "#2"},
				"up": {"uv": [1, 5.5, 6, 6], "rotation": 90, "texture": "#2"},
				"down": {"uv": [1, 5.5, 6, 5], "rotation": 270, "texture": "#2"}
			}
		},
		{
			"name": "Box14",
			"from": [0, 5, 11],
			"to": [1, 6, 16],
			"faces": {
				"east": {"uv": [16, 6, 11, 5], "texture": "#2"},
				"west": {"uv": [11, 6, 16, 5], "texture": "#2"},
				"up": {"uv": [11, 5.5, 16, 6], "rotation": 90, "texture": "#2"},
				"down": {"uv": [11, 5.5, 16, 5], "rotation": 270, "texture": "#2"}
			}
		},
		{
			"name": "Box5",
			"from": [0, 10, 1],
			"to": [1, 11, 6],
			"faces": {
				"east": {"uv": [6, 11, 1, 10], "texture": "#2"},
				"south": {"uv": [6, 11, 5.5, 10], "texture": "#2"},
				"west": {"uv": [1, 11, 6, 10], "texture": "#2"},
				"up": {"uv": [1, 10.5, 6, 11], "rotation": 90, "texture": "#2"},
				"down": {"uv": [1, 10.5, 6, 10], "rotation": 270, "texture": "#2"}
			}
		},
		{
			"name": "Box10",
			"from": [0, 11, 5],
			"to": [1, 15, 6],
			"faces": {
				"north": {"uv": [5, 11, 5.5, 15], "rotation": 180, "texture": "#2"},
				"east": {"uv": [6, 15, 5, 11], "texture": "#2"},
				"south": {"uv": [6, 15, 5.5, 11], "texture": "#2"},
				"west": {"uv": [5, 15, 6, 11], "texture": "#2"}
			}
		},
		{
			"name": "Box12",
			"from": [0, 10, 10],
			"to": [1, 11, 16],
			"faces": {
				"north": {"uv": [10, 10, 10.5, 11], "rotation": 180, "texture": "#2"},
				"east": {"uv": [16, 11, 10, 10], "texture": "#2"},
				"west": {"uv": [10, 11, 16, 10], "texture": "#2"},
				"up": {"uv": [10, 10.5, 16, 11], "rotation": 90, "texture": "#2"},
				"down": {"uv": [10, 10.5, 16, 10], "rotation": 270, "texture": "#2"}
			}
		},
		{
			"name": "Box13",
			"from": [0, 11, 10],
			"to": [1, 15, 11],
			"faces": {
				"north": {"uv": [10, 11, 10.5, 15], "rotation": 180, "texture": "#2"},
				"east": {"uv": [11, 15, 10, 11], "texture": "#2"},
				"south": {"uv": [11, 15, 10.5, 11], "texture": "#2"},
				"west": {"uv": [10, 15, 11, 11], "texture": "#2"}
			}
		},
		{
			"name": "Box6",
			"from": [0, 13, 1],
			"to": [1, 14, 16],
			"faces": {
				"east": {"uv": [16, 14, 1, 13], "texture": "#2"},
				"west": {"uv": [1, 14, 16, 13], "texture": "#2"},
				"up": {"uv": [1, 13.5, 16, 14], "rotation": 90, "texture": "#2"},
				"down": {"uv": [1, 13.5, 16, 13], "rotation": 270, "texture": "#2"}
			}
		},
		{
			"name": "Box1",
			"from": [0, 0, 0],
			"to": [16, 1, 1],
			"faces": {
				"north": {"uv": [16, 0, 0, 0.5], "texture": "#2"},
				"east": {"uv": [16, 1, 15.5, 0], "rotation": 270, "texture": "#2"},
				"south": {"uv": [0, 0.5, 16, 1], "texture": "#2"},
				"up": {"uv": [0, 0, 16, 1], "texture": "#2"},
				"down": {"uv": [0, 1, 16, 0], "texture": "#2"}
			}
		},
		{
			"name": "Box8",
			"from": [2, 0, 1],
			"to": [3, 1, 15],
			"faces": {
				"east": {"uv": [3, 15, 2.5, 1], "rotation": 270, "texture": "#2"},
				"west": {"uv": [2, 1, 2.5, 15], "rotation": 270, "texture": "#2"},
				"up": {"uv": [2, 1, 3, 15], "texture": "#2"},
				"down": {"uv": [2, 15, 3, 1], "texture": "#2"}
			}
		},
		{
			"name": "Box9",
			"from": [5, 0, 1],
			"to": [6, 1, 5],
			"faces": {
				"east": {"uv": [6, 5, 5.5, 1], "rotation": 270, "texture": "#2"},
				"west": {"uv": [5, 1, 5.5, 5], "rotation": 270, "texture": "#2"},
				"up": {"uv": [5, 1, 6, 5], "texture": "#2"},
				"down": {"uv": [5, 5, 6, 1], "texture": "#2"}
			}
		},
		{
			"name": "Box11",
			"from": [10, 0, 1],
			"to": [11, 1, 6],
			"faces": {
				"east": {"uv": [11, 6, 10.5, 1], "rotation": 270, "texture": "#2"},
				"south": {"uv": [10, 5.5, 11, 6], "texture": "#2"},
				"west": {"uv": [10, 1, 10.5, 6], "rotation": 270, "texture": "#2"},
				"up": {"uv": [10, 1, 11, 6], "texture": "#2"},
				"down": {"uv": [10, 6, 11, 1], "texture": "#2"}
			}
		},
		{
			"name": "Box15",
			"from": [13, 0, 1],
			"to": [14, 1, 15],
			"faces": {
				"east": {"uv": [14, 15, 13.5, 1], "rotation": 270, "texture": "#2"},
				"west": {"uv": [13, 1, 13.5, 15], "rotation": 270, "texture": "#2"},
				"up": {"uv": [13, 1, 14, 15], "texture": "#2"},
				"down": {"uv": [13, 15, 14, 1], "texture": "#2"}
			}
		},
		{
			"name": "Box16",
			"from": [15, 0, 1],
			"to": [16, 1, 15],
			"faces": {
				"east": {"uv": [16, 15, 15.5, 1], "rotation": 270, "texture": "#2"},
				"west": {"uv": [15, 1, 15.5, 15], "rotation": 270, "texture": "#2"},
				"up": {"uv": [15, 1, 16, 15], "texture": "#2"},
				"down": {"uv": [15, 15, 16, 1], "texture": "#2"}
			}
		},
		{
			"name": "Box3",
			"from": [1, 0, 2],
			"to": [16, 1, 3],
			"faces": {
				"north": {"uv": [16, 2, 1, 2.5], "texture": "#2"},
				"south": {"uv": [1, 2.5, 16, 3], "texture": "#2"},
				"up": {"uv": [1, 2, 16, 3], "texture": "#2"},
				"down": {"uv": [1, 3, 16, 2], "texture": "#2"}
			}
		},
		{
			"name": "Box4",
			"from": [1, 0, 5],
			"to": [6, 1, 6],
			"faces": {
				"north": {"uv": [6, 5, 1, 5.5], "texture": "#2"},
				"east": {"uv": [6, 6, 5.5, 5], "rotation": 270, "texture": "#2"},
				"south": {"uv": [1, 5.5, 6, 6], "texture": "#2"},
				"up": {"uv": [1, 5, 6, 6], "texture": "#2"},
				"down": {"uv": [1, 6, 6, 5], "texture": "#2"}
			}
		},
		{
			"name": "Box14",
			"from": [11, 0, 5],
			"to": [16, 1, 6],
			"faces": {
				"north": {"uv": [16, 5, 11, 5.5], "texture": "#2"},
				"south": {"uv": [11, 5.5, 16, 6], "texture": "#2"},
				"up": {"uv": [11, 5, 16, 6], "texture": "#2"},
				"down": {"uv": [11, 6, 16, 5], "texture": "#2"}
			}
		},
		{
			"name": "Box5",
			"from": [1, 0, 10],
			"to": [6, 1, 11],
			"faces": {
				"north": {"uv": [6, 10, 1, 10.5], "texture": "#2"},
				"east": {"uv": [6, 11, 5.5, 10], "rotation": 270, "texture": "#2"},
				"south": {"uv": [1, 10.5, 6, 11], "texture": "#2"},
				"up": {"uv": [1, 10, 6, 11], "texture": "#2"},
				"down": {"uv": [1, 11, 6, 10], "texture": "#2"}
			}
		},
		{
			"name": "Box12",
			"from": [10, 0, 10],
			"to": [16, 1, 11],
			"faces": {
				"north": {"uv": [16, 10, 10, 10.5], "texture": "#2"},
				"south": {"uv": [10, 10.5, 16, 11], "texture": "#2"},
				"west": {"uv": [10, 10, 10.5, 11], "rotation": 270, "texture": "#2"},
				"up": {"uv": [10, 10, 16, 11], "texture": "#2"},
				"down": {"uv": [10, 11, 16, 10], "texture": "#2"}
			}
		},
		{
			"name": "Box10",
			"from": [5, 0, 11],
			"to": [6, 1, 15],
			"faces": {
				"east": {"uv": [6, 15, 5.5, 11], "rotation": 270, "texture": "#2"},
				"west": {"uv": [5, 11, 5.5, 15], "rotation": 270, "texture": "#2"},
				"up": {"uv": [5, 11, 6, 15], "texture": "#2"},
				"down": {"uv": [5, 15, 6, 11], "texture": "#2"}
			}
		},
		{
			"name": "Box13",
			"from": [10, 0, 11],
			"to": [11, 1, 15],
			"faces": {
				"east": {"uv": [11, 15, 10.5, 11], "rotation": 270, "texture": "#2"},
				"west": {"uv": [10, 11, 10.5, 15], "rotation": 270, "texture": "#2"},
				"up": {"uv": [10, 11, 11, 15], "texture": "#2"},
				"down": {"uv": [10, 15, 11, 11], "texture": "#2"}
			}
		},
		{
			"name": "Box6",
			"from": [1, 0, 13],
			"to": [16, 1, 14],
			"faces": {
				"north": {"uv": [16, 13, 1, 13.5], "texture": "#2"},
				"south": {"uv": [1, 13.5, 16, 14], "texture": "#2"},
				"up": {"uv": [1, 13, 16, 14], "texture": "#2"},
				"down": {"uv": [1, 14, 16, 13], "texture": "#2"}
			}
		},
		{
			"name": "Box7",
			"from": [1, 0, 15],
			"to": [16, 1, 16],
			"faces": {
				"north": {"uv": [16, 15, 1, 15.5], "texture": "#2"},
				"east": {"uv": [16, 16, 15.5, 15], "rotation": 270, "texture": "#2"},
				"south": {"uv": [1, 15.5, 16, 16], "texture": "#2"},
				"up": {"uv": [1, 15, 16, 16], "texture": "#2"},
				"down": {"uv": [1, 16, 16, 15], "texture": "#2"}
			}
		},
		{
			"name": "Box8",
			"from": [2, 1, 15],
			"to": [3, 15, 16],
			"faces": {
				"north": {"uv": [3, 15, 2, 1], "texture": "#2"},
				"east": {"uv": [3, 15, 2.5, 1], "texture": "#2"},
				"south": {"uv": [2, 15, 3, 1], "texture": "#2"},
				"west": {"uv": [2, 1, 2.5, 15], "rotation": 180, "texture": "#2"}
			}
		},
		{
			"name": "Box9",
			"from": [5, 1, 15],
			"to": [6, 5, 16],
			"faces": {
				"north": {"uv": [6, 5, 5, 1], "texture": "#2"},
				"east": {"uv": [6, 5, 5.5, 1], "texture": "#2"},
				"south": {"uv": [5, 5, 6, 1], "texture": "#2"},
				"west": {"uv": [5, 1, 5.5, 5], "rotation": 180, "texture": "#2"}
			}
		},
		{
			"name": "Box11",
			"from": [10, 1, 15],
			"to": [11, 6, 16],
			"faces": {
				"north": {"uv": [11, 6, 10, 1], "texture": "#2"},
				"east": {"uv": [11, 6, 10.5, 1], "texture": "#2"},
				"south": {"uv": [10, 6, 11, 1], "texture": "#2"},
				"west": {"uv": [10, 1, 10.5, 6], "rotation": 180, "texture": "#2"},
				"up": {"uv": [10, 5.5, 11, 6], "texture": "#2"}
			}
		},
		{
			"name": "Box15",
			"from": [13, 1, 15],
			"to": [14, 15, 16],
			"faces": {
				"north": {"uv": [14, 15, 13, 1], "texture": "#2"},
				"east": {"uv": [14, 15, 13.5, 1], "texture": "#2"},
				"south": {"uv": [13, 15, 14, 1], "texture": "#2"},
				"west": {"uv": [13, 1, 13.5, 15], "rotation": 180, "texture": "#2"}
			}
		},
		{
			"name": "Box16",
			"from": [15, 1, 15],
			"to": [16, 15, 16],
			"faces": {
				"north": {"uv": [16, 15, 15, 1], "texture": "#2"},
				"east": {"uv": [16, 15, 15.5, 1], "texture": "#2"},
				"south": {"uv": [15, 15, 16, 1], "texture": "#2"},
				"west": {"uv": [15, 1, 15.5, 15], "rotation": 180, "texture": "#2"}
			}
		},
		{
			"name": "Box3",
			"from": [1, 2, 15],
			"to": [16, 3, 16],
			"faces": {
				"north": {"uv": [16, 3, 1, 2], "texture": "#2"},
				"south": {"uv": [1, 3, 16, 2], "texture": "#2"},
				"up": {"uv": [1, 2.5, 16, 3], "texture": "#2"},
				"down": {"uv": [1, 2.5, 16, 2], "texture": "#2"}
			}
		},
		{
			"name": "Box4",
			"from": [1, 5, 15],
			"to": [6, 6, 16],
			"faces": {
				"north": {"uv": [6, 6, 1, 5], "texture": "#2"},
				"east": {"uv": [6, 6, 5.5, 5], "texture": "#2"},
				"south": {"uv": [1, 6, 6, 5], "texture": "#2"},
				"up": {"uv": [1, 5.5, 6, 6], "texture": "#2"},
				"down": {"uv": [1, 5.5, 6, 5], "texture": "#2"}
			}
		},
		{
			"name": "Box14",
			"from": [11, 5, 15],
			"to": [16, 6, 16],
			"faces": {
				"north": {"uv": [16, 6, 11, 5], "texture": "#2"},
				"south": {"uv": [11, 6, 16, 5], "texture": "#2"},
				"up": {"uv": [11, 5.5, 16, 6], "texture": "#2"},
				"down": {"uv": [11, 5.5, 16, 5], "texture": "#2"}
			}
		},
		{
			"name": "Box5",
			"from": [1, 10, 15],
			"to": [6, 11, 16],
			"faces": {
				"north": {"uv": [6, 11, 1, 10], "texture": "#2"},
				"east": {"uv": [6, 11, 5.5, 10], "texture": "#2"},
				"south": {"uv": [1, 11, 6, 10], "texture": "#2"},
				"up": {"uv": [1, 10.5, 6, 11], "texture": "#2"},
				"down": {"uv": [1, 10.5, 6, 10], "texture": "#2"}
			}
		},
		{
			"name": "Box12",
			"from": [10, 10, 15],
			"to": [16, 11, 16],
			"faces": {
				"north": {"uv": [16, 11, 10, 10], "texture": "#2"},
				"south": {"uv": [10, 11, 16, 10], "texture": "#2"},
				"west": {"uv": [10, 10, 10.5, 11], "rotation": 180, "texture": "#2"},
				"up": {"uv": [10, 10.5, 16, 11], "texture": "#2"},
				"down": {"uv": [10, 10.5, 16, 10], "texture": "#2"}
			}
		},
		{
			"name": "Box10",
			"from": [5, 11, 15],
			"to": [6, 15, 16],
			"faces": {
				"north": {"uv": [6, 15, 5, 11], "texture": "#2"},
				"east": {"uv": [6, 15, 5.5, 11], "texture": "#2"},
				"south": {"uv": [5, 15, 6, 11], "texture": "#2"},
				"west": {"uv": [5, 11, 5.5, 15], "rotation": 180, "texture": "#2"}
			}
		},
		{
			"name": "Box13",
			"from": [10, 11, 15],
			"to": [11, 15, 16],
			"faces": {
				"north": {"uv": [11, 15, 10, 11], "texture": "#2"},
				"east": {"uv": [11, 15, 10.5, 11], "texture": "#2"},
				"south": {"uv": [10, 15, 11, 11], "texture": "#2"},
				"west": {"uv": [10, 11, 10.5, 15], "rotation": 180, "texture": "#2"}
			}
		},
		{
			"name": "Box6",
			"from": [1, 13, 15],
			"to": [16, 14, 16],
			"faces": {
				"north": {"uv": [16, 14, 1, 13], "texture": "#2"},
				"south": {"uv": [1, 14, 16, 13], "texture": "#2"},
				"up": {"uv": [1, 13.5, 16, 14], "texture": "#2"},
				"down": {"uv": [1, 13.5, 16, 13], "texture": "#2"}
			}
		},
		{
			"name": "Box7",
			"from": [1, 15, 15],
			"to": [16, 16, 16],
			"faces": {
				"north": {"uv": [16, 16, 1, 15], "texture": "#2"},
				"south": {"uv": [1, 16, 16, 15], "texture": "#2"},
				"up": {"uv": [1, 15.5, 16, 16], "texture": "#2"},
				"down": {"uv": [1, 15.5, 16, 15], "texture": "#2"}
			}
		},
		{
			"name": "Box8",
			"from": [2, 1, 0],
			"to": [3, 15, 1],
			"faces": {
				"north": {"uv": [3, 15, 2, 1], "texture": "#2"},
				"east": {"uv": [3, 15, 2.5, 1], "texture": "#2"},
				"south": {"uv": [2, 15, 3, 1], "texture": "#2"},
				"west": {"uv": [2, 1, 2.5, 15], "rotation": 180, "texture": "#2"}
			}
		},
		{
			"name": "Box9",
			"from": [5, 1, 0],
			"to": [6, 5, 1],
			"faces": {
				"north": {"uv": [6, 5, 5, 1], "texture": "#2"},
				"east": {"uv": [6, 5, 5.5, 1], "texture": "#2"},
				"south": {"uv": [5, 5, 6, 1], "texture": "#2"},
				"west": {"uv": [5, 1, 5.5, 5], "rotation": 180, "texture": "#2"}
			}
		},
		{
			"name": "Box11",
			"from": [10, 1, 0],
			"to": [11, 6, 1],
			"faces": {
				"north": {"uv": [11, 6, 10, 1], "texture": "#2"},
				"east": {"uv": [11, 6, 10.5, 1], "texture": "#2"},
				"south": {"uv": [10, 6, 11, 1], "texture": "#2"},
				"west": {"uv": [10, 1, 10.5, 6], "rotation": 180, "texture": "#2"},
				"up": {"uv": [10, 5.5, 11, 6], "texture": "#2"}
			}
		},
		{
			"name": "Box15",
			"from": [13, 1, 0],
			"to": [14, 15, 1],
			"faces": {
				"north": {"uv": [14, 15, 13, 1], "texture": "#2"},
				"east": {"uv": [14, 15, 13.5, 1], "texture": "#2"},
				"south": {"uv": [13, 15, 14, 1], "texture": "#2"},
				"west": {"uv": [13, 1, 13.5, 15], "rotation": 180, "texture": "#2"}
			}
		},
		{
			"name": "Box16",
			"from": [15, 1, 0],
			"to": [16, 15, 1],
			"faces": {
				"north": {"uv": [16, 15, 15, 1], "texture": "#2"},
				"east": {"uv": [16, 15, 15.5, 1], "texture": "#2"},
				"south": {"uv": [15, 15, 16, 1], "texture": "#2"},
				"west": {"uv": [15, 1, 15.5, 15], "rotation": 180, "texture": "#2"}
			}
		},
		{
			"name": "Box3",
			"from": [1, 2, 0],
			"to": [16, 3, 1],
			"faces": {
				"north": {"uv": [16, 3, 1, 2], "texture": "#2"},
				"south": {"uv": [1, 3, 16, 2], "texture": "#2"},
				"up": {"uv": [1, 2.5, 16, 3], "texture": "#2"},
				"down": {"uv": [1, 2.5, 16, 2], "texture": "#2"}
			}
		},
		{
			"name": "Box4",
			"from": [1, 5, 0],
			"to": [6, 6, 1],
			"faces": {
				"north": {"uv": [6, 6, 1, 5], "texture": "#2"},
				"east": {"uv": [6, 6, 5.5, 5], "texture": "#2"},
				"south": {"uv": [1, 6, 6, 5], "texture": "#2"},
				"up": {"uv": [1, 5.5, 6, 6], "texture": "#2"},
				"down": {"uv": [1, 5.5, 6, 5], "texture": "#2"}
			}
		},
		{
			"name": "Box14",
			"from": [11, 5, 0],
			"to": [16, 6, 1],
			"faces": {
				"north": {"uv": [16, 6, 11, 5], "texture": "#2"},
				"south": {"uv": [11, 6, 16, 5], "texture": "#2"},
				"up": {"uv": [11, 5.5, 16, 6], "texture": "#2"},
				"down": {"uv": [11, 5.5, 16, 5], "texture": "#2"}
			}
		},
		{
			"name": "Box5",
			"from": [1, 10, 0],
			"to": [6, 11, 1],
			"faces": {
				"north": {"uv": [6, 11, 1, 10], "texture": "#2"},
				"east": {"uv": [6, 11, 5.5, 10], "texture": "#2"},
				"south": {"uv": [1, 11, 6, 10], "texture": "#2"},
				"up": {"uv": [1, 10.5, 6, 11], "texture": "#2"},
				"down": {"uv": [1, 10.5, 6, 10], "texture": "#2"}
			}
		},
		{
			"name": "Box10",
			"from": [5, 11, 0],
			"to": [6, 15, 1],
			"faces": {
				"north": {"uv": [6, 15, 5, 11], "texture": "#2"},
				"east": {"uv": [6, 15, 5.5, 11], "texture": "#2"},
				"south": {"uv": [5, 15, 6, 11], "texture": "#2"},
				"west": {"uv": [5, 11, 5.5, 15], "rotation": 180, "texture": "#2"}
			}
		},
		{
			"name": "Box12",
			"from": [10, 10, 0],
			"to": [16, 11, 1],
			"faces": {
				"north": {"uv": [16, 11, 10, 10], "texture": "#2"},
				"south": {"uv": [10, 11, 16, 10], "texture": "#2"},
				"west": {"uv": [10, 10, 10.5, 11], "rotation": 180, "texture": "#2"},
				"up": {"uv": [10, 10.5, 16, 11], "texture": "#2"},
				"down": {"uv": [10, 10.5, 16, 10], "texture": "#2"}
			}
		},
		{
			"name": "Box13",
			"from": [10, 11, 0],
			"to": [11, 15, 1],
			"faces": {
				"north": {"uv": [11, 15, 10, 11], "texture": "#2"},
				"east": {"uv": [11, 15, 10.5, 11], "texture": "#2"},
				"south": {"uv": [10, 15, 11, 11], "texture": "#2"},
				"west": {"uv": [10, 11, 10.5, 15], "rotation": 180, "texture": "#2"}
			}
		},
		{
			"name": "Box6",
			"from": [1, 13, 0],
			"to": [16, 14, 1],
			"faces": {
				"north": {"uv": [16, 14, 1, 13], "texture": "#2"},
				"south": {"uv": [1, 14, 16, 13], "texture": "#2"},
				"up": {"uv": [1, 13.5, 16, 14], "texture": "#2"},
				"down": {"uv": [1, 13.5, 16, 13], "texture": "#2"}
			}
		},
		{
			"name": "Box7",
			"from": [1, 15, 0],
			"to": [16, 16, 1],
			"faces": {
				"north": {"uv": [16, 16, 1, 15], "texture": "#2"},
				"east": {"uv": [16, 16, 15.5, 15], "texture": "#2"},
				"south": {"uv": [1, 16, 16, 15], "texture": "#2"},
				"up": {"uv": [1, 15.5, 16, 16], "texture": "#2"},
				"down": {"uv": [1, 15.5, 16, 15], "texture": "#2"}
			}
		},
		{
			"name": "Box8",
			"from": [15, 1, 2],
			"to": [16, 15, 3],
			"faces": {
				"north": {"uv": [2, 1, 2.5, 15], "rotation": 180, "texture": "#2"},
				"east": {"uv": [3, 15, 2, 1], "texture": "#2"},
				"south": {"uv": [3, 15, 2.5, 1], "texture": "#2"},
				"west": {"uv": [2, 15, 3, 1], "texture": "#2"}
			}
		},
		{
			"name": "Box9",
			"from": [15, 1, 5],
			"to": [16, 5, 6],
			"faces": {
				"north": {"uv": [5, 1, 5.5, 5], "rotation": 180, "texture": "#2"},
				"east": {"uv": [6, 5, 5, 1], "texture": "#2"},
				"south": {"uv": [6, 5, 5.5, 1], "texture": "#2"},
				"west": {"uv": [5, 5, 6, 1], "texture": "#2"}
			}
		},
		{
			"name": "Box11",
			"from": [15, 1, 10],
			"to": [16, 6, 11],
			"faces": {
				"north": {"uv": [10, 1, 10.5, 6], "rotation": 180, "texture": "#2"},
				"east": {"uv": [11, 6, 10, 1], "texture": "#2"},
				"south": {"uv": [11, 6, 10.5, 1], "texture": "#2"},
				"west": {"uv": [10, 6, 11, 1], "texture": "#2"},
				"up": {"uv": [10, 5.5, 11, 6], "rotation": 90, "texture": "#2"}
			}
		},
		{
			"name": "Box15",
			"from": [15, 1, 13],
			"to": [16, 15, 14],
			"faces": {
				"north": {"uv": [13, 1, 13.5, 15], "rotation": 180, "texture": "#2"},
				"east": {"uv": [14, 15, 13, 1], "texture": "#2"},
				"south": {"uv": [14, 15, 13.5, 1], "texture": "#2"},
				"west": {"uv": [13, 15, 14, 1], "texture": "#2"}
			}
		},
		{
			"name": "Box3",
			"from": [15, 2, 1],
			"to": [16, 3, 16],
			"faces": {
				"east": {"uv": [16, 3, 1, 2], "texture": "#2"},
				"west": {"uv": [1, 3, 16, 2], "texture": "#2"},
				"up": {"uv": [1, 2.5, 16, 3], "rotation": 90, "texture": "#2"},
				"down": {"uv": [1, 2.5, 16, 2], "rotation": 270, "texture": "#2"}
			}
		},
		{
			"name": "Box4",
			"from": [15, 5, 1],
			"to": [16, 6, 6],
			"faces": {
				"east": {"uv": [6, 6, 1, 5], "texture": "#2"},
				"south": {"uv": [6, 6, 5.5, 5], "texture": "#2"},
				"west": {"uv": [1, 6, 6, 5], "texture": "#2"},
				"up": {"uv": [1, 5.5, 6, 6], "rotation": 90, "texture": "#2"},
				"down": {"uv": [1, 5.5, 6, 5], "rotation": 270, "texture": "#2"}
			}
		},
		{
			"name": "Box14",
			"from": [15, 5, 11],
			"to": [16, 6, 16],
			"faces": {
				"east": {"uv": [16, 6, 11, 5], "texture": "#2"},
				"west": {"uv": [11, 6, 16, 5], "texture": "#2"},
				"up": {"uv": [11, 5.5, 16, 6], "rotation": 90, "texture": "#2"},
				"down": {"uv": [11, 5.5, 16, 5], "rotation": 270, "texture": "#2"}
			}
		},
		{
			"name": "Box10",
			"from": [15, 11, 5],
			"to": [16, 15, 6],
			"faces": {
				"north": {"uv": [5, 11, 5.5, 15], "rotation": 180, "texture": "#2"},
				"east": {"uv": [6, 15, 5, 11], "texture": "#2"},
				"south": {"uv": [6, 15, 5.5, 11], "texture": "#2"},
				"west": {"uv": [5, 15, 6, 11], "texture": "#2"}
			}
		},
		{
			"name": "Box5",
			"from": [15, 10, 1],
			"to": [16, 11, 6],
			"faces": {
				"east": {"uv": [6, 11, 1, 10], "texture": "#2"},
				"south": {"uv": [6, 11, 5.5, 10], "texture": "#2"},
				"west": {"uv": [1, 11, 6, 10], "texture": "#2"},
				"up": {"uv": [1, 10.5, 6, 11], "rotation": 90, "texture": "#2"},
				"down": {"uv": [1, 10.5, 6, 10], "rotation": 270, "texture": "#2"}
			}
		},
		{
			"name": "Box12",
			"from": [15, 10, 10],
			"to": [16, 11, 16],
			"faces": {
				"north": {"uv": [10, 10, 10.5, 11], "rotation": 180, "texture": "#2"},
				"east": {"uv": [16, 11, 10, 10], "texture": "#2"},
				"west": {"uv": [10, 11, 16, 10], "texture": "#2"},
				"up": {"uv": [10, 10.5, 16, 11], "rotation": 90, "texture": "#2"},
				"down": {"uv": [10, 10.5, 16, 10], "rotation": 270, "texture": "#2"}
			}
		},
		{
			"name": "Box6",
			"from": [15, 13, 1],
			"to": [16, 14, 16],
			"faces": {
				"east": {"uv": [16, 14, 1, 13], "texture": "#2"},
				"west": {"uv": [1, 14, 16, 13], "texture": "#2"},
				"up": {"uv": [1, 13.5, 16, 14], "rotation": 90, "texture": "#2"},
				"down": {"uv": [1, 13.5, 16, 13], "rotation": 270, "texture": "#2"}
			}
		},
		{
			"name": "Box13",
			"from": [15, 11, 10],
			"to": [16, 15, 11],
			"faces": {
				"north": {"uv": [10, 11, 10.5, 15], "rotation": 180, "texture": "#2"},
				"east": {"uv": [11, 15, 10, 11], "texture": "#2"},
				"south": {"uv": [11, 15, 10.5, 11], "texture": "#2"},
				"west": {"uv": [10, 15, 11, 11], "texture": "#2"}
			}
		},
		{
			"name": "Box7",
			"from": [15, 15, 1],
			"to": [16, 16, 16],
			"faces": {
				"east": {"uv": [16, 16, 1, 15], "texture": "#2"},
				"west": {"uv": [1, 16, 16, 15], "texture": "#2"},
				"up": {"uv": [1, 15.5, 16, 16], "rotation": 90, "texture": "#2"},
				"down": {"uv": [1, 15.5, 16, 15], "rotation": 270, "texture": "#2"}
			}
		}
	]
}