{
	"credit": "Made with Blockbench",
	"textures": {
		"0": "block/mangrove_door_top",
		"particle": "block/mangrove_door_top"
	},
	"elements": [
		{
			"from": [0, 0, 0],
			"to": [3, 16, 16],
			"rotation": {"angle": 0, "axis": "y", "origin": [0, 0, 14]},
			"faces": {
				"north": {"uv": [6, 0, 9, 16], "texture": "#0"},
				"east": {"uv": [16, 0, 0, 16], "texture": "#0"},
				"south": {"uv": [6, 0, 9, 16], "texture": "#0"},
				"west": {"uv": [0, 0, 16, 16], "texture": "#0"},
				"up": {"uv": [5, 0, 8, 16], "texture": "#0"},
				"down": {"uv": [4.5, 16, 7.5, 0], "texture": "#0"}
			}
		},
		{
			"from": [-0.25, 0, -0.25],
			"to": [1, 1, 1],
			"rotation": {"angle": 0, "axis": "y", "origin": [0, 0, 14]},
			"faces": {
				"north": {"uv": [0, 15, 0.5, 16], "texture": "#0"},
				"east": {"uv": [0, 15, 1, 16], "texture": "#0"},
				"south": {"uv": [0, 15, 1, 16], "texture": "#0"},
				"west": {"uv": [0, 15, 1, 16], "texture": "#0"},
				"up": {"uv": [0, 15, 1, 15.5], "texture": "#0"},
				"down": {"uv": [0, 15.5, 1, 16], "texture": "#0"}
			}
		},
		{
			"from": [-0.25, 10, -0.25],
			"to": [1, 12, 1],
			"rotation": {"angle": 0, "axis": "y", "origin": [0, 0, 14]},
			"faces": {
				"north": {"uv": [0, 4, 0.5, 6], "texture": "#0"},
				"east": {"uv": [1, 4, 0, 6], "texture": "#0"},
				"south": {"uv": [0.5, 4, 1, 6], "texture": "#0"},
				"west": {"uv": [0, 4, 1, 6], "texture": "#0"},
				"up": {"uv": [0, 4, 1, 4.5], "texture": "#0"},
				"down": {"uv": [0, 5.5, 1, 6], "texture": "#0"}
			}
		},
		{
			"from": [2, 10, -0.25],
			"to": [3.25, 12, 1],
			"rotation": {"angle": 0, "axis": "y", "origin": [0, 0, 14]},
			"faces": {
				"north": {"uv": [0, 4, 0.5, 6], "texture": "#0"},
				"east": {"uv": [1, 4, 0, 6], "texture": "#0"},
				"south": {"uv": [0.5, 4, 1, 6], "texture": "#0"},
				"west": {"uv": [0, 4, 1, 6], "texture": "#0"},
				"up": {"uv": [0, 4, 1, 4.5], "texture": "#0"},
				"down": {"uv": [0, 5.5, 1, 6], "texture": "#0"}
			}
		},
		{
			"from": [2, 0, -0.25],
			"to": [3.25, 1, 1],
			"rotation": {"angle": 0, "axis": "y", "origin": [0, 0, 14]},
			"faces": {
				"north": {"uv": [0, 15, 0.5, 16], "texture": "#0"},
				"east": {"uv": [1, 15, 0, 16], "texture": "#0"},
				"south": {"uv": [0, 15, 1, 16], "texture": "#0"},
				"west": {"uv": [0, 15, 1, 16], "texture": "#0"},
				"up": {"uv": [0, 15, 1, 15.5], "texture": "#0"},
				"down": {"uv": [0, 15.5, 1, 16], "texture": "#0"}
			}
		},
		{
			"from": [3, 0, 13],
			"to": [3.25, 2.5, 14],
			"rotation": {"angle": 0, "axis": "y", "origin": [0, 0, 14]},
			"faces": {
				"north": {"uv": [13, 13.5, 13.25, 16], "texture": "#0"},
				"east": {"uv": [14, 13.5, 13, 16], "texture": "#0"},
				"south": {"uv": [13.5, 13.5, 13.75, 16], "texture": "#0"},
				"west": {"uv": [13, 13.5, 14, 16], "texture": "#0"},
				"up": {"uv": [13, 13.5, 14, 13.75], "rotation": 90, "texture": "#0"},
				"down": {"uv": [14, 15.75, 13, 16], "rotation": 90, "texture": "#0"}
			}
		},
		{
			"from": [3, 2.5, 12],
			"to": [3.25, 3, 13.5],
			"rotation": {"angle": 0, "axis": "y", "origin": [0, 0, 14]},
			"faces": {
				"north": {"uv": [12, 13, 12.25, 13.5], "texture": "#0"},
				"east": {"uv": [12, 13, 13.5, 13.5], "texture": "#0"},
				"south": {"uv": [13, 13, 13.25, 13.5], "texture": "#0"},
				"west": {"uv": [12, 13, 13.5, 13.5], "texture": "#0"},
				"up": {"uv": [12, 13, 13.5, 13.25], "rotation": 90, "texture": "#0"},
				"down": {"uv": [0, 0, 0.25, 1.5], "texture": "#missing"}
			}
		},
		{
			"from": [3, 2, 12],
			"to": [3.25, 2.5, 13],
			"rotation": {"angle": 0, "axis": "y", "origin": [0, 0, 14]},
			"faces": {
				"north": {"uv": [13, 13.5, 12, 14], "texture": "#0"},
				"east": {"uv": [13, 13.5, 12, 14], "texture": "#0"},
				"south": {"uv": [13, 13.5, 12, 14], "texture": "#0"},
				"west": {"uv": [13, 13.5, 12, 14], "texture": "#0"},
				"up": {"uv": [13, 13.5, 12, 14], "rotation": 180, "texture": "#0"},
				"down": {"uv": [13, 13.5, 12, 14], "rotation": 180, "texture": "#0"}
			}
		},
		{
			"from": [-0.25, 0, 13],
			"to": [0, 2.5, 14],
			"rotation": {"angle": 0, "axis": "y", "origin": [0, 0, 14]},
			"faces": {
				"north": {"uv": [13, 13.5, 13.25, 16], "texture": "#0"},
				"east": {"uv": [14, 13.5, 13, 16], "texture": "#0"},
				"south": {"uv": [13.5, 13.5, 13.75, 16], "texture": "#0"},
				"west": {"uv": [13, 13.5, 14, 16], "texture": "#0"},
				"up": {"uv": [13, 13.5, 14, 13.75], "rotation": 90, "texture": "#0"},
				"down": {"uv": [14, 15.75, 13, 16], "rotation": 90, "texture": "#0"}
			}
		},
		{
			"from": [-0.25, 2, 12],
			"to": [0, 2.5, 13],
			"rotation": {"angle": 0, "axis": "y", "origin": [0, 0, 14]},
			"faces": {
				"north": {"uv": [12, 13.5, 13, 14], "texture": "#0"},
				"east": {"uv": [12, 13.5, 13, 14], "texture": "#0"},
				"south": {"uv": [12, 13.5, 13, 14], "texture": "#0"},
				"west": {"uv": [12, 13.5, 13, 14], "texture": "#0"},
				"up": {"uv": [12, 13.5, 13, 14], "rotation": 180, "texture": "#0"},
				"down": {"uv": [12, 13.5, 13, 14], "rotation": 180, "texture": "#0"}
			}
		},
		{
			"from": [-0.25, 2.5, 12],
			"to": [0, 3, 13.5],
			"rotation": {"angle": 0, "axis": "y", "origin": [0, 0, 14]},
			"faces": {
				"north": {"uv": [12, 13, 12.25, 13.5], "texture": "#0"},
				"east": {"uv": [12, 13, 13.5, 13.5], "texture": "#0"},
				"south": {"uv": [13, 13, 13.25, 13.5], "texture": "#0"},
				"west": {"uv": [12, 13, 13.5, 13.5], "texture": "#0"},
				"up": {"uv": [12, 13, 13.5, 13.25], "rotation": 90, "texture": "#0"},
				"down": {"uv": [0, 0, 0.25, 1.5], "texture": "#missing"}
			}
		}
	],
	"groups": [
		{
			"name": "group",
			"origin": [8, 8, 8],
			"color": 0,
			"children": [0, 1, 2, 3, 4, 5, 6, 7, 8, 9, 10]
		}
	]
}