{
	"credit": "Made with Blockbench",
	"textures": {
		"0": "block/mangrove_door_bottom",
		"particle": "block/mangrove_door_bottom"
	},
	"elements": [
		{
			"from": [0, 0, 0],
			"to": [3, 16, 16],
			"rotation": {"angle": 0, "axis": "y", "origin": [0, 0, 9]},
			"faces": {
				"north": {"uv": [6, 0, 9, 16], "texture": "#0"},
				"east": {"uv": [16, 0, 0, 16], "texture": "#0"},
				"south": {"uv": [6, 0, 9, 16], "texture": "#0"},
				"west": {"uv": [0, 0, 16, 16], "texture": "#0"},
				"up": {"uv": [5, 0, 8, 16], "texture": "#0"},
				"down": {"uv": [4.5, 16, 7.5, 0], "texture": "#0"}
			}
		},
		{
			"from": [2, 4, -0.25],
			"to": [3.25, 6, 1],
			"rotation": {"angle": 0, "axis": "y", "origin": [0, 0, 9]},
			"faces": {
				"north": {"uv": [0, 10, 0.5, 12], "texture": "#0"},
				"east": {"uv": [1, 10, 0, 12], "texture": "#0"},
				"south": {"uv": [0.5, 10, 1, 12], "texture": "#0"},
				"west": {"uv": [0, 10, 1, 12], "texture": "#0"},
				"up": {"uv": [0, 10, 1, 10.5], "texture": "#0"},
				"down": {"uv": [0, 11.5, 1, 12], "texture": "#0"}
			}
		},
		{
			"from": [2, 15, -0.25],
			"to": [3.25, 16, 1],
			"rotation": {"angle": 0, "axis": "y", "origin": [0, 0, 9]},
			"faces": {
				"north": {"uv": [0, 0, 1, 1], "texture": "#0"},
				"east": {"uv": [1, 0, 0, 1], "texture": "#0"},
				"south": {"uv": [0, 0, 1, 1], "texture": "#0"},
				"west": {"uv": [1, 0, 0, 1], "texture": "#0"},
				"up": {"uv": [0, 0, 1, 0.5], "texture": "#0"},
				"down": {"uv": [0, 0.5, 1, 1], "texture": "#0"}
			}
		},
		{
			"from": [-0.25, 15, -0.25],
			"to": [1, 16, 1],
			"rotation": {"angle": 0, "axis": "y", "origin": [0, 0, 9]},
			"faces": {
				"north": {"uv": [1, 0, 0, 1], "texture": "#0"},
				"east": {"uv": [0, 0, 1, 1], "texture": "#0"},
				"south": {"uv": [1, 0, 0, 1], "texture": "#0"},
				"west": {"uv": [0, 0, 1, 1], "texture": "#0"},
				"up": {"uv": [0, 0, 1, 0.5], "texture": "#0"},
				"down": {"uv": [0, 0.5, 1, 1], "texture": "#0"}
			}
		},
		{
			"from": [-0.25, 4, -0.25],
			"to": [1, 6, 1],
			"rotation": {"angle": 0, "axis": "y", "origin": [0, 0, 9]},
			"faces": {
				"north": {"uv": [0, 10, 0.5, 12], "texture": "#0"},
				"east": {"uv": [1, 10, 0, 12], "texture": "#0"},
				"south": {"uv": [0.5, 10, 1, 12], "texture": "#0"},
				"west": {"uv": [0, 10, 1, 12], "texture": "#0"},
				"up": {"uv": [0, 10, 1, 10.5], "texture": "#0"},
				"down": {"uv": [0, 11.5, 1, 12], "texture": "#0"}
			}
		},
		{
			"from": [-0.25, 13, 12],
			"to": [0, 14, 13.5],
			"rotation": {"angle": 0, "axis": "y", "origin": [0, 0, 9]},
			"faces": {
				"north": {"uv": [12, 2, 12.25, 3], "texture": "#0"},
				"east": {"uv": [13.5, 2, 12, 3], "texture": "#0"},
				"south": {"uv": [13.25, 2, 13.5, 3], "texture": "#0"},
				"west": {"uv": [12, 2, 13.5, 3], "texture": "#0"},
				"up": {"uv": [13.5, 2, 12, 2.25], "rotation": 270, "texture": "#0"},
				"down": {"uv": [12, 2.5, 13.5, 2.75], "rotation": 270, "texture": "#0"}
			}
		},
		{
			"from": [-0.25, 13.5, 13.5],
			"to": [0, 14, 14],
			"rotation": {"angle": 0, "axis": "y", "origin": [0, 0, 9]},
			"faces": {
				"north": {"uv": [13.5, 2, 14, 2.5], "texture": "#0"},
				"east": {"uv": [13.5, 2, 14, 2.5], "texture": "#0"},
				"south": {"uv": [13.5, 2, 14, 2.5], "texture": "#0"},
				"west": {"uv": [13.5, 2, 14, 2.5], "texture": "#0"},
				"up": {"uv": [13.5, 2, 14, 2.5], "rotation": 180, "texture": "#0"},
				"down": {"uv": [13.5, 2, 14, 2.5], "rotation": 180, "texture": "#0"}
			}
		},
		{
			"from": [-0.25, 14, 13],
			"to": [0, 16, 14],
			"rotation": {"angle": 0, "axis": "y", "origin": [0, 0, 9]},
			"faces": {
				"north": {"uv": [13.5, 0, 13.25, 0.5], "texture": "#0"},
				"east": {"uv": [14, 0, 13, 2], "texture": "#0"},
				"south": {"uv": [13.5, 0, 13.75, 2.5], "texture": "#0"},
				"west": {"uv": [13, 0, 14, 2], "texture": "#0"},
				"up": {"uv": [14, 0, 13, 0.75], "rotation": 270, "texture": "#0"},
				"down": {"uv": [13.5, 0, 14, 2.25], "rotation": 270, "texture": "#0"}
			}
		},
		{
			"from": [3, 13, 12],
			"to": [3.25, 14, 13.5],
			"rotation": {"angle": 0, "axis": "y", "origin": [0, 0, 9]},
			"faces": {
				"north": {"uv": [12, 2, 12.25, 3], "texture": "#0"},
				"east": {"uv": [13.5, 2, 12, 3], "texture": "#0"},
				"south": {"uv": [13.25, 2, 13.5, 3], "texture": "#0"},
				"west": {"uv": [12, 2, 13.5, 3], "texture": "#0"},
				"up": {"uv": [13.5, 2, 12, 2.25], "rotation": 270, "texture": "#0"},
				"down": {"uv": [12, 2.5, 13.5, 2.75], "rotation": 270, "texture": "#0"}
			}
		},
		{
			"from": [3, 13.5, 13.5],
			"to": [3.25, 14, 14],
			"rotation": {"angle": 0, "axis": "y", "origin": [0, 0, 9]},
			"faces": {
				"north": {"uv": [13.5, 2, 14, 2.5], "texture": "#0"},
				"east": {"uv": [13.5, 2, 14, 2.5], "texture": "#0"},
				"south": {"uv": [13.5, 2, 14, 2.5], "texture": "#0"},
				"west": {"uv": [13.5, 2, 14, 2.5], "texture": "#0"},
				"up": {"uv": [13.5, 2, 14, 2.5], "rotation": 180, "texture": "#0"},
				"down": {"uv": [13.5, 2, 14, 2.5], "rotation": 180, "texture": "#0"}
			}
		},
		{
			"from": [3, 14, 13],
			"to": [3.25, 16, 14],
			"rotation": {"angle": 0, "axis": "y", "origin": [0, 0, 9]},
			"faces": {
				"north": {"uv": [13.5, 0, 13.25, 0.5], "texture": "#0"},
				"east": {"uv": [14, 0, 13, 2], "texture": "#0"},
				"south": {"uv": [13.5, 0, 13.75, 2.5], "texture": "#0"},
				"west": {"uv": [13, 0, 14, 2], "texture": "#0"},
				"up": {"uv": [14, 0, 13, 0.75], "rotation": 270, "texture": "#0"},
				"down": {"uv": [13.5, 0, 14, 2.25], "rotation": 270, "texture": "#0"}
			}
		}
	],
	"groups": [
		{
			"name": "group",
			"origin": [0, 0, 0],
			"color": 0,
			"children": [0, 1, 2, 3, 4, 5, 6, 7, 8, 9, 10]
		}
	]
}