{
	"credit": "Made with Blockbench",
	"textures": {
		"1": "ctm/fireworks_rocket_side",
		"texture": "item/firework_rocket",
		"particle": "ctm/fireworks_rocket_side"
	},
	"elements": [
		{
			"from": [13, 3.5, 8],
			"to": [14, 4, 8.5],
			"faces": {
				"north": {"uv": [8, 13, 8.5, 13.5], "texture": "#texture"},
				"east": {"uv": [8, 13, 8.5, 13.5], "texture": "#texture"},
				"south": {"uv": [8, 13, 8.5, 13.5], "texture": "#texture"},
				"west": {"uv": [8, 13, 8.5, 13.5], "texture": "#texture"},
				"up": {"uv": [8, 13, 8.5, 13.5], "texture": "#texture"},
				"down": {"uv": [8, 13.5, 8.5, 13], "texture": "#texture"}
			}
		},
		{
			"from": [12, 3, 7.5],
			"to": [13, 3.5, 8],
			"faces": {
				"north": {"uv": [8, 13, 8.5, 13.5], "texture": "#texture"},
				"east": {"uv": [8, 13, 8.5, 13.5], "texture": "#texture"},
				"south": {"uv": [8, 13, 8.5, 13.5], "texture": "#texture"},
				"west": {"uv": [8, 13, 8.5, 13.5], "texture": "#texture"},
				"up": {"uv": [8, 13, 8.5, 13.5], "texture": "#texture"},
				"down": {"uv": [8, 13.5, 8.5, 13], "texture": "#texture"}
			}
		},
		{
			"from": [11.5, 2.5, 7],
			"to": [12, 3, 7.5],
			"faces": {
				"north": {"uv": [8, 13, 8.5, 13.5], "texture": "#texture"},
				"east": {"uv": [8, 13, 8.5, 13.5], "texture": "#texture"},
				"south": {"uv": [8, 13, 8.5, 13.5], "texture": "#texture"},
				"west": {"uv": [8, 13, 8.5, 13.5], "texture": "#texture"},
				"up": {"uv": [8, 13, 8.5, 13.5], "texture": "#texture"},
				"down": {"uv": [8, 13.5, 8.5, 13], "texture": "#texture"}
			}
		},
		{
			"from": [14, 3, 8],
			"to": [14.5, 3.5, 8.5],
			"faces": {
				"north": {"uv": [8, 13, 8.5, 13.5], "texture": "#texture"},
				"east": {"uv": [8, 13, 8.5, 13.5], "texture": "#texture"},
				"south": {"uv": [8, 13, 8.5, 13.5], "texture": "#texture"},
				"west": {"uv": [8, 13, 8.5, 13.5], "texture": "#texture"},
				"up": {"uv": [8, 13, 8.5, 13.5], "texture": "#texture"},
				"down": {"uv": [8, 13.5, 8.5, 13], "texture": "#texture"}
			}
		},
		{
			"from": [10.5, 2, 7],
			"to": [11.5, 2.5, 7.5],
			"faces": {
				"north": {"uv": [8, 13, 8.5, 13.5], "texture": "#texture"},
				"east": {"uv": [8, 13, 8.5, 13.5], "texture": "#texture"},
				"south": {"uv": [8, 13, 8.5, 13.5], "texture": "#texture"},
				"west": {"uv": [8, 13, 8.5, 13.5], "texture": "#texture"},
				"up": {"uv": [8, 13, 8.5, 13.5], "texture": "#texture"},
				"down": {"uv": [8, 13.5, 8.5, 13], "texture": "#texture"}
			}
		},
		{
			"from": [9, 1.5, 7.5],
			"to": [10.5, 2, 8],
			"faces": {
				"north": {"uv": [8, 13, 8.5, 13.5], "texture": "#texture"},
				"east": {"uv": [8, 13, 8.5, 13.5], "texture": "#texture"},
				"south": {"uv": [8, 13, 8.5, 13.5], "texture": "#texture"},
				"west": {"uv": [8, 13, 8.5, 13.5], "texture": "#texture"},
				"up": {"uv": [8, 13, 8.5, 13.5], "texture": "#texture"},
				"down": {"uv": [8, 13.5, 8.5, 13], "texture": "#texture"}
			}
		},
		{
			"from": [8.5, 2, 8],
			"to": [9, 2.5, 8.5],
			"faces": {
				"north": {"uv": [8, 13, 8.5, 13.5], "texture": "#texture"},
				"east": {"uv": [8, 13, 8.5, 13.5], "texture": "#texture"},
				"south": {"uv": [8, 13, 8.5, 13.5], "texture": "#texture"},
				"west": {"uv": [8, 13, 8.5, 13.5], "texture": "#texture"},
				"up": {"uv": [8, 13, 8.5, 13.5], "texture": "#texture"},
				"down": {"uv": [8, 13.5, 8.5, 13], "texture": "#texture"}
			}
		},
		{
			"from": [8, 2.5, 8.5],
			"to": [8.5, 3, 9],
			"faces": {
				"north": {"uv": [8, 13, 8.5, 13.5], "texture": "#texture"},
				"east": {"uv": [8, 13, 8.5, 13.5], "texture": "#texture"},
				"south": {"uv": [8, 13, 8.5, 13.5], "texture": "#texture"},
				"west": {"uv": [8, 13, 8.5, 13.5], "texture": "#texture"},
				"up": {"uv": [8, 13, 8.5, 13.5], "texture": "#texture"},
				"down": {"uv": [8, 13.5, 8.5, 13], "texture": "#texture"}
			}
		},
		{
			"from": [6, 11, 6],
			"to": [11, 12, 11],
			"faces": {
				"north": {"uv": [5.5, 4.5, 10.5, 5.5], "texture": "#texture"},
				"east": {"uv": [5.5, 4.5, 10.5, 5.5], "texture": "#texture"},
				"south": {"uv": [5.5, 4.5, 10.5, 5.5], "texture": "#texture"},
				"west": {"uv": [10.5, 4.5, 5.5, 5.5], "texture": "#texture"},
				"up": {"uv": [8, 4.5, 9, 5.5], "texture": "#texture"},
				"down": {"uv": [5.5, 4.5, 10.5, 5.5], "texture": "#texture"}
			}
		},
		{
			"from": [7, 3, 7],
			"to": [10, 5, 10],
			"faces": {
				"north": {"uv": [0, 14, 3, 16], "texture": "#1"},
				"east": {"uv": [9, 14, 12, 16], "texture": "#1"},
				"south": {"uv": [6, 14, 9, 16], "texture": "#1"},
				"west": {"uv": [3, 14, 6, 16], "texture": "#1"},
				"up": {"uv": [0.5, 8.5, 3.5, 11.5], "rotation": 180, "texture": "#texture"},
				"down": {"uv": [9, 6.5, 9.5, 6], "rotation": 180, "texture": "#texture"}
			}
		},
		{
			"from": [7, 8, 7],
			"to": [10, 11, 10],
			"faces": {
				"north": {"uv": [0, 3.5, 3, 6.5], "texture": "#1"},
				"east": {"uv": [3, 0.5, 6, 3.5], "texture": "#1"},
				"south": {"uv": [9, 0.5, 12, 3.5], "texture": "#1"},
				"west": {"uv": [6, 0.5, 9, 3.5], "texture": "#1"},
				"up": {"uv": [7, 7, 10, 10], "texture": "#texture"},
				"down": {"uv": [7, 10, 10, 7], "texture": "#texture"}
			}
		},
		{
			"from": [7, 5, 7],
			"to": [10, 8, 10],
			"faces": {
				"north": {"uv": [0, 6.5, 3, 9.5], "texture": "#1"},
				"east": {"uv": [9, 6.5, 12, 9.5], "texture": "#1"},
				"south": {"uv": [6, 6.5, 9, 9.5], "texture": "#1"},
				"west": {"uv": [3, 6.5, 6, 9.5], "texture": "#1"},
				"up": {"uv": [7, 7, 10, 10], "rotation": 90, "texture": "#texture"},
				"down": {"uv": [7, 10, 10, 7], "rotation": 270, "texture": "#texture"}
			}
		},
		{
			"from": [6.5, 12, 6.5],
			"to": [10.5, 12.5, 10.5],
			"faces": {
				"north": {"uv": [6, 4, 10, 4.5], "texture": "#texture"},
				"east": {"uv": [6, 4, 10, 4.5], "texture": "#texture"},
				"south": {"uv": [6, 4, 10, 4.5], "texture": "#texture"},
				"west": {"uv": [6, 4, 10, 4.5], "texture": "#texture"},
				"up": {"uv": [7.5, 4.5, 8.5, 5.5], "texture": "#texture"},
				"down": {"uv": [0, 0, 4, 4], "texture": "#missing"}
			}
		},
		{
			"from": [7, 12.5, 7],
			"to": [10, 13, 10],
			"faces": {
				"north": {"uv": [6.5, 3.5, 9.5, 4], "texture": "#texture"},
				"east": {"uv": [6.5, 3.5, 9.5, 4], "texture": "#texture"},
				"south": {"uv": [6.5, 3.5, 9.5, 4], "texture": "#texture"},
				"west": {"uv": [6.5, 3.5, 9.5, 4], "texture": "#texture"},
				"up": {"uv": [8, 4.5, 9, 5.5], "texture": "#texture"},
				"down": {"uv": [0, 0, 4, 4], "texture": "#missing"}
			}
		},
		{
			"from": [7.5, 13, 7.5],
			"to": [9.5, 13.5, 9.5],
			"faces": {
				"north": {"uv": [7, 3, 9, 3.5], "texture": "#texture"},
				"east": {"uv": [7, 3, 9, 3.5], "texture": "#texture"},
				"south": {"uv": [7, 3, 9, 3.5], "texture": "#texture"},
				"west": {"uv": [7, 3, 9, 3.5], "texture": "#texture"},
				"up": {"uv": [7.5, 3.5, 8.5, 4.5], "texture": "#texture"},
				"down": {"uv": [0, 0, 4, 4], "texture": "#missing"}
			}
		},
		{
			"from": [8, 13.5, 8],
			"to": [9, 14, 9],
			"faces": {
				"north": {"uv": [7.5, 2.5, 8.5, 3], "texture": "#texture"},
				"east": {"uv": [7.5, 2.5, 8.5, 3], "texture": "#texture"},
				"south": {"uv": [7.5, 2.5, 8.5, 3], "texture": "#texture"},
				"west": {"uv": [7.5, 2.5, 8.5, 3], "texture": "#texture"},
				"up": {"uv": [7, 4.5, 8, 5.5], "texture": "#texture"},
				"down": {"uv": [0, 0, 4, 4], "texture": "#missing"}
			}
		}
	],
	"display": {
		"thirdperson_righthand": {
			"translation": [0, 2, 2],
			"scale": [0.7, 0.7, 0.7]
		},
		"thirdperson_lefthand": {
			"translation": [0, 2, 2],
			"scale": [0.7, 0.7, 0.7]
		},
		"firstperson_righthand": {
			"scale": [0.7, 0.7, 0.7]
		},
		"firstperson_lefthand": {
			"scale": [0.7, 0.7, 0.7]
		},
		"ground": {
			"translation": [0, 2, 0],
			"scale": [0.5, 0.5, 0.5]
		},
		"fixed": {
			"translation": [0, 0, -1.13]
		}
	},
	"groups": [
		{
			"name": "group",
			"origin": [0, 0, 0],
			"color": 0,
			"children": [0, 1, 2, 3, 4, 5, 6, 7, 8, 9, 10, 11, 12, 13, 14, 15]
		}
	]
}