{
	"credit": "Made with Blockbench, Pompier15 www.matrice-software.fr",
	"textures": {
		"particle": "block/acacia_trapdoor",
		"texture": "block/acacia_trapdoor",
		"texture1": "ctm/trapdoors/acacia/front"
	},
	"elements": [
		{
			"name": "Box7",
			"from": [0, 13, 0],
			"to": [16, 16, 3],
			"faces": {
				"north": {"uv": [0, 0, 16, 3], "texture": "#texture1"},
				"east": {"uv": [13, 0, 16, 3], "texture": "#texture1"},
				"south": {"uv": [0, 0, 16, 3], "texture": "#texture1"},
				"west": {"uv": [0, 0, 3, 3], "texture": "#texture1"},
				"up": {"uv": [0, 16, 16, 13], "texture": "#texture"},
				"down": {"uv": [0, 13, 16, 16], "texture": "#texture"}
			}
		},
		{
			"name": "Box7",
			"from": [0, 13, 13],
			"to": [16, 16, 16],
			"faces": {
				"north": {"uv": [0, 0, 16, 3], "texture": "#texture1"},
				"east": {"uv": [0, 0, 3, 3], "texture": "#texture1"},
				"south": {"uv": [0, 0, 16, 3], "texture": "#texture1"},
				"west": {"uv": [13, 0, 16, 3], "texture": "#texture1"},
				"up": {"uv": [0, 3, 16, 0], "texture": "#texture"},
				"down": {"uv": [0, 0, 16, 3], "texture": "#texture"}
			}
		},
		{
			"name": "Box7",
			"from": [0, 13, 3],
			"to": [2, 16, 13],
			"faces": {
				"north": {"uv": [14, 0, 16, 3], "texture": "#texture1"},
				"east": {"uv": [3, 0, 13, 3], "texture": "#texture1"},
				"south": {"uv": [0, 0, 2, 3], "texture": "#texture1"},
				"west": {"uv": [3, 0, 13, 3], "texture": "#texture1"},
				"up": {"uv": [0, 13, 2, 3], "texture": "#texture"},
				"down": {"uv": [0, 3, 2, 13], "texture": "#texture"}
			}
		},
		{
			"name": "Box7",
			"from": [14, 13, 3],
			"to": [16, 16, 13],
			"faces": {
				"north": {"uv": [0, 0, 2, 3], "texture": "#texture1"},
				"east": {"uv": [3, 0, 13, 3], "texture": "#texture1"},
				"south": {"uv": [14, 0, 16, 3], "texture": "#texture1"},
				"west": {"uv": [3, 0, 13, 3], "texture": "#texture1"},
				"up": {"uv": [14, 13, 16, 3], "texture": "#texture"},
				"down": {"uv": [14, 3, 16, 13], "texture": "#texture"}
			}
		},
		{
			"name": "Box7",
			"from": [4, 13, 3],
			"to": [7, 16, 13],
			"faces": {
				"north": {"uv": [9, 0, 12, 3], "texture": "#texture1"},
				"east": {"uv": [3, 0, 13, 3], "texture": "#texture1"},
				"south": {"uv": [4, 0, 7, 3], "texture": "#texture1"},
				"west": {"uv": [3, 0, 13, 3], "texture": "#texture1"},
				"up": {"uv": [4, 13, 7, 3], "texture": "#texture"},
				"down": {"uv": [4, 3, 7, 13], "texture": "#texture"}
			}
		},
		{
			"name": "Box7",
			"from": [9, 13, 3],
			"to": [12, 16, 13],
			"faces": {
				"north": {"uv": [4, 0, 7, 3], "texture": "#texture1"},
				"east": {"uv": [3, 0, 13, 3], "texture": "#texture1"},
				"south": {"uv": [9, 0, 12, 3], "texture": "#texture1"},
				"west": {"uv": [3, 0, 13, 3], "texture": "#texture1"},
				"up": {"uv": [9, 13, 12, 3], "texture": "#texture"},
				"down": {"uv": [9, 3, 12, 13], "texture": "#texture"}
			}
		},
		{
			"from": [6, 12.75, 1],
			"to": [10, 13, 2],
			"faces": {
				"north": {"uv": [6, 14.5, 10, 14.75], "texture": "#texture"},
				"east": {"uv": [9, 14, 10, 14.25], "texture": "#texture"},
				"south": {"uv": [6, 14.5, 10, 14.75], "texture": "#texture"},
				"west": {"uv": [6, 14, 7, 14.25], "texture": "#texture"},
				"up": {"uv": [6, 15, 10, 14], "texture": "#missing"},
				"down": {"uv": [6, 14, 10, 15], "texture": "#texture"}
			}
		},
		{
			"from": [6, 16, 1],
			"to": [10, 16.25, 2],
			"faces": {
				"north": {"uv": [6, 14.5, 10, 14.75], "texture": "#texture"},
				"east": {"uv": [9, 14, 10, 14.25], "texture": "#texture"},
				"south": {"uv": [6, 14.5, 10, 14.75], "texture": "#texture"},
				"west": {"uv": [6, 14, 7, 14.25], "texture": "#texture"},
				"up": {"uv": [6, 15, 10, 14], "texture": "#texture"},
				"down": {"uv": [0, 0, 4, 1], "texture": "#missing"}
			}
		}
	]
}