{
	"credit": "Made with Blockbench, Pompier15 www.matrice-software.fr",
	"textures": {
		"particle": "block/acacia_trapdoor",
		"texture": "block/acacia_trapdoor",
		"texture1": "ctm/trapdoors/acacia/front"
	},
	"elements": [
		{
			"name": "Box7",
			"from": [0, 0, 13],
			"to": [16, 3, 16],
			"faces": {
				"north": {"uv": [16, 3, 0, 0], "texture": "#texture"},
				"east": {"uv": [13, 0, 16, 3], "rotation": 90, "texture": "#texture1"},
				"south": {"uv": [0, 3, 16, 0], "texture": "#texture"},
				"west": {"uv": [0, 0, 3, 3], "rotation": 270, "texture": "#texture1"},
				"up": {"uv": [0, 0, 16, 3], "texture": "#texture1"},
				"down": {"uv": [16, 3, 0, 0], "texture": "#texture1"}
			}
		},
		{
			"name": "Box7",
			"from": [0, 13, 13],
			"to": [16, 16, 16],
			"faces": {
				"north": {"uv": [16, 16, 0, 13], "texture": "#texture"},
				"east": {"uv": [0, 0, 3, 3], "rotation": 90, "texture": "#texture1"},
				"south": {"uv": [0, 16, 16, 13], "texture": "#texture"},
				"west": {"uv": [13, 0, 16, 3], "rotation": 270, "texture": "#texture1"},
				"up": {"uv": [0, 0, 16, 3], "texture": "#texture1"},
				"down": {"uv": [16, 3, 0, 0], "texture": "#texture1"}
			}
		},
		{
			"name": "Box7",
			"from": [0, 3, 13],
			"to": [2, 13, 16],
			"faces": {
				"north": {"uv": [2, 13, 0, 3], "texture": "#texture"},
				"east": {"uv": [3, 0, 13, 3], "rotation": 90, "texture": "#texture1"},
				"south": {"uv": [0, 13, 2, 3], "texture": "#texture"},
				"west": {"uv": [3, 0, 13, 3], "rotation": 270, "texture": "#texture1"},
				"up": {"uv": [0, 0, 2, 3], "texture": "#texture1"},
				"down": {"uv": [16, 3, 14, 0], "texture": "#texture1"}
			}
		},
		{
			"name": "Box7",
			"from": [14, 3, 13],
			"to": [16, 13, 16],
			"faces": {
				"north": {"uv": [16, 13, 14, 3], "texture": "#texture"},
				"east": {"uv": [3, 0, 13, 3], "rotation": 90, "texture": "#texture1"},
				"south": {"uv": [14, 13, 16, 3], "texture": "#texture"},
				"west": {"uv": [3, 0, 13, 3], "rotation": 270, "texture": "#texture1"},
				"up": {"uv": [14, 0, 16, 3], "texture": "#texture1"},
				"down": {"uv": [2, 3, 0, 0], "texture": "#texture1"}
			}
		},
		{
			"name": "Box7",
			"from": [4, 3, 13],
			"to": [7, 13, 16],
			"faces": {
				"north": {"uv": [7, 13, 4, 3], "texture": "#texture"},
				"east": {"uv": [3, 0, 13, 3], "rotation": 90, "texture": "#texture1"},
				"south": {"uv": [4, 13, 7, 3], "texture": "#texture"},
				"west": {"uv": [3, 0, 13, 3], "rotation": 270, "texture": "#texture1"},
				"up": {"uv": [4, 0, 7, 3], "texture": "#texture1"},
				"down": {"uv": [12, 3, 9, 0], "texture": "#texture1"}
			}
		},
		{
			"name": "Box7",
			"from": [9, 3, 13],
			"to": [12, 13, 16],
			"faces": {
				"north": {"uv": [12, 13, 9, 3], "texture": "#texture"},
				"east": {"uv": [3, 0, 13, 3], "rotation": 90, "texture": "#texture1"},
				"south": {"uv": [9, 13, 12, 3], "texture": "#texture"},
				"west": {"uv": [3, 0, 13, 3], "rotation": 270, "texture": "#texture1"},
				"up": {"uv": [9, 0, 12, 3], "texture": "#texture1"},
				"down": {"uv": [7, 3, 4, 0], "texture": "#texture1"}
			}
		},
		{
			"from": [6, 14, 12.75],
			"to": [10, 15, 13],
			"faces": {
				"north": {"uv": [6, 15, 10, 14], "texture": "#texture"},
				"east": {"uv": [6, 15, 6.25, 14], "texture": "#texture"},
				"south": {"uv": [0, 0, 4, 1], "texture": "#missing"},
				"west": {"uv": [9.5, 15, 9.75, 14], "texture": "#texture"},
				"up": {"uv": [6, 14.5, 10, 14.75], "texture": "#texture"},
				"down": {"uv": [6, 14, 10, 14.25], "texture": "#texture"}
			}
		},
		{
			"from": [6, 14, 16],
			"to": [10, 15, 16.25],
			"faces": {
				"north": {"uv": [6, 15, 10, 14], "texture": "#texture"},
				"east": {"uv": [6, 15, 6.25, 14], "texture": "#texture"},
				"south": {"uv": [6, 15, 10, 14], "texture": "#texture"},
				"west": {"uv": [9.5, 15, 9.75, 14], "texture": "#texture"},
				"up": {"uv": [6, 14.5, 10, 14.75], "texture": "#texture"},
				"down": {"uv": [6, 14, 10, 14.25], "texture": "#texture"}
			}
		}
	],
	"groups": [
		{
			"name": "group",
			"origin": [8, 8, 8],
			"color": 0,
			"children": [0, 1, 2, 3, 4, 5, 6, 7]
		}
	]
}