{
	"credit": "Made with Blockbench",
	"parent": "block/block",
	"texture_size": [32, 32],
	"textures": {
		"0": "block/bookshelf",
		"1": "block/oak_planks",
		"particle": "block/bookshelf"
	},
	"elements": [
		{
			"from": [2, 0, 2],
			"to": [14, 16, 14],
			"faces": {
				"north": {"uv": [2, 0, 14, 16], "texture": "#0"},
				"east": {"uv": [14, 0, 2, 16], "texture": "#0"},
				"south": {"uv": [2, 0, 14, 16], "texture": "#0"},
				"west": {"uv": [14, 0, 2, 16], "texture": "#0"},
				"up": {"uv": [1.5, 2, 13.5, 14], "texture": "#1"},
				"down": {"uv": [1.5, 2, 13.5, 14], "texture": "#1"}
			}
		},
		{
			"from": [0, 0.5, 15.5],
			"to": [0.5, 7.5, 16],
			"faces": {
				"north": {"uv": [0, 0, 0.5, 7], "texture": "#0"},
				"east": {"uv": [0, 0, 0.5, 7], "texture": "#0"},
				"south": {"uv": [0, 0, 0.5, 7], "texture": "#0"},
				"west": {"uv": [0, 0, 0.5, 7], "texture": "#0"},
				"up": {"uv": [0, 0, 0.5, 0.5], "texture": "#missing"},
				"down": {"uv": [0, 0, 0.5, 0.5], "texture": "#missing"}
			}
		},
		{
			"from": [0, 8.5, 0],
			"to": [0.5, 15.5, 0.5],
			"faces": {
				"north": {"uv": [0, 0, 0.5, 7], "texture": "#0"},
				"east": {"uv": [0, 0, 0.5, 7], "texture": "#0"},
				"south": {"uv": [0, 0, 0.5, 7], "texture": "#0"},
				"west": {"uv": [0, 0, 0.5, 7], "texture": "#0"},
				"up": {"uv": [0, 0, 0.5, 0.5], "texture": "#missing"},
				"down": {"uv": [0, 0, 0.5, 0.5], "texture": "#missing"}
			}
		},
		{
			"from": [15.5, 8.5, 0],
			"to": [16, 15.5, 0.5],
			"faces": {
				"north": {"uv": [0, 0, 0.5, 7], "texture": "#0"},
				"east": {"uv": [0, 0, 0.5, 7], "texture": "#0"},
				"south": {"uv": [0, 0, 0.5, 7], "texture": "#0"},
				"west": {"uv": [0, 0, 0.5, 7], "texture": "#0"},
				"up": {"uv": [0, 0, 0.5, 0.5], "texture": "#missing"},
				"down": {"uv": [0, 0, 0.5, 0.5], "texture": "#missing"}
			}
		},
		{
			"from": [15.5, 8.5, 15.5],
			"to": [16, 15.5, 16],
			"faces": {
				"north": {"uv": [0, 0, 0.5, 7], "texture": "#0"},
				"east": {"uv": [0, 0, 0.5, 7], "texture": "#0"},
				"south": {"uv": [0, 0, 0.5, 7], "texture": "#0"},
				"west": {"uv": [0, 0, 0.5, 7], "texture": "#0"},
				"up": {"uv": [0, 0, 0.5, 0.5], "texture": "#missing"},
				"down": {"uv": [0, 0, 0.5, 0.5], "texture": "#missing"}
			}
		},
		{
			"from": [0, 8.5, 15.5],
			"to": [0.5, 15.5, 16],
			"faces": {
				"north": {"uv": [0, 0, 0.5, 7], "texture": "#0"},
				"east": {"uv": [0, 0, 0.5, 7], "texture": "#0"},
				"south": {"uv": [0, 0, 0.5, 7], "texture": "#0"},
				"west": {"uv": [0, 0, 0.5, 7], "texture": "#0"},
				"up": {"uv": [0, 0, 0.5, 0.5], "texture": "#missing"},
				"down": {"uv": [0, 0, 0.5, 0.5], "texture": "#missing"}
			}
		},
		{
			"from": [15.5, 0.5, 15.5],
			"to": [16, 7.5, 16],
			"faces": {
				"north": {"uv": [0, 0, 0.5, 7], "texture": "#0"},
				"east": {"uv": [0, 0, 0.5, 7], "texture": "#0"},
				"south": {"uv": [0, 0, 0.5, 7], "texture": "#0"},
				"west": {"uv": [0, 0, 0.5, 7], "texture": "#0"},
				"up": {"uv": [0, 0, 0.5, 0.5], "texture": "#missing"},
				"down": {"uv": [0, 0, 0.5, 0.5], "texture": "#missing"}
			}
		},
		{
			"from": [15.5, 0.5, 0],
			"to": [16, 7.5, 0.5],
			"faces": {
				"north": {"uv": [0, 8.5, 0.5, 15.5], "texture": "#0"},
				"east": {"uv": [0, 0, 0.5, 7], "texture": "#0"},
				"south": {"uv": [0, 0, 0.5, 7], "texture": "#0"},
				"west": {"uv": [0, 0, 0.5, 7], "texture": "#0"},
				"up": {"uv": [0, 0, 0.5, 0.5], "texture": "#missing"},
				"down": {"uv": [0, 0, 0.5, 0.5], "texture": "#missing"}
			}
		},
		{
			"from": [0, 0.5, 0],
			"to": [0.5, 7.5, 0.5],
			"faces": {
				"north": {"uv": [0, 8, 0.5, 15], "texture": "#0"},
				"east": {"uv": [0, 8, 0.5, 15], "texture": "#0"},
				"south": {"uv": [0, 0, 0.5, 7], "texture": "#0"},
				"west": {"uv": [0, 0, 0.5, 7], "texture": "#0"},
				"up": {"uv": [0, 0, 0.5, 0.5], "texture": "#missing"},
				"down": {"uv": [0, 0, 0.5, 0.5], "texture": "#missing"}
			}
		},
		{
			"from": [0, 0, 0],
			"to": [16, 0.5, 2],
			"faces": {
				"north": {"uv": [0, 15.5, 16, 16], "texture": "#0"},
				"east": {"uv": [0, 0, 2, 0.5], "texture": "#0"},
				"south": {"uv": [0, 0, 16, 0.5], "texture": "#missing"},
				"west": {"uv": [0, 0, 2, 0.5], "texture": "#0"},
				"up": {"uv": [0, 0, 16, 2], "texture": "#1"},
				"down": {"uv": [0, 14, 16, 16], "texture": "#1"}
			}
		},
		{
			"from": [2, 15.5, 0],
			"to": [14, 16, 2],
			"faces": {
				"north": {"uv": [2, 0, 14, 0.5], "texture": "#0"},
				"east": {"uv": [0, 0, 2, 0.5], "texture": "#missing"},
				"south": {"uv": [0, 0, 12, 0.5], "texture": "#missing"},
				"west": {"uv": [0, 0, 2, 0.5], "texture": "#missing"},
				"up": {"uv": [2, 0, 14, 2], "texture": "#1"},
				"down": {"uv": [2, 14, 14, 16], "texture": "#1"}
			}
		},
		{
			"from": [2, 15.5, 14],
			"to": [14, 16, 16],
			"faces": {
				"north": {"uv": [0, 0, 12, 0.5], "texture": "#missing"},
				"east": {"uv": [0, 0, 2, 0.5], "texture": "#missing"},
				"south": {"uv": [2.5, 0, 14.5, 0.5], "texture": "#0"},
				"west": {"uv": [0, 0, 2, 0.5], "texture": "#missing"},
				"up": {"uv": [2, 14, 14, 16], "texture": "#1"},
				"down": {"uv": [2, 14, 14, 16], "texture": "#1"}
			}
		},
		{
			"from": [0, 0, 14],
			"to": [16, 0.5, 16],
			"faces": {
				"north": {"uv": [0, 0, 16, 0.5], "texture": "#missing"},
				"east": {"uv": [0, 0, 2, 0.5], "texture": "#0"},
				"south": {"uv": [0, 15.5, 16, 16], "texture": "#0"},
				"west": {"uv": [0, 0, 2, 0.5], "texture": "#0"},
				"up": {"uv": [0, 14, 16, 16], "texture": "#1"},
				"down": {"uv": [0, 0, 16, 2], "texture": "#1"}
			}
		},
		{
			"from": [0, 7.5, 0],
			"to": [16, 8.5, 2],
			"faces": {
				"north": {"uv": [0, 7.5, 16, 8.5], "texture": "#0"},
				"east": {"uv": [14, 7.5, 16, 8.5], "texture": "#0"},
				"south": {"uv": [0, 0, 16, 1], "texture": "#missing"},
				"west": {"uv": [0, 7.5, 2, 8.5], "texture": "#0"},
				"up": {"uv": [0, 14, 16, 16], "texture": "#1"},
				"down": {"uv": [0, 0, 16, 2], "texture": "#1"}
			}
		},
		{
			"from": [0, 7.5, 14],
			"to": [16, 8.5, 16],
			"faces": {
				"north": {"uv": [0, 0, 16, 1], "texture": "#missing"},
				"east": {"uv": [0, 7.5, 2, 8.5], "texture": "#0"},
				"south": {"uv": [0, 7.5, 16, 8.5], "texture": "#0"},
				"west": {"uv": [14, 7.5, 16, 8.5], "texture": "#0"},
				"up": {"uv": [0, 0, 16, 2], "texture": "#1"},
				"down": {"uv": [0, 14, 16, 16], "texture": "#1"}
			}
		},
		{
			"from": [0, 0, 2],
			"to": [2, 0.5, 14],
			"faces": {
				"north": {"uv": [0, 0, 2, 0.5], "texture": "#missing"},
				"east": {"uv": [0, 0, 12, 0.5], "texture": "#missing"},
				"south": {"uv": [0, 0, 2, 0.5], "texture": "#missing"},
				"west": {"uv": [2, 0, 14, 0.5], "texture": "#0"},
				"up": {"uv": [0, 2, 2, 14], "texture": "#1"},
				"down": {"uv": [0, 2, 2, 14], "texture": "#1"}
			}
		},
		{
			"from": [0, 7.5, 2],
			"to": [2, 8.5, 14],
			"faces": {
				"north": {"uv": [0, 0, 2, 1], "texture": "#missing"},
				"east": {"uv": [0, 0, 12, 1], "texture": "#missing"},
				"south": {"uv": [0, 0, 2, 1], "texture": "#missing"},
				"west": {"uv": [2, 7.5, 14, 8.5], "texture": "#0"},
				"up": {"uv": [14, 2.5, 16, 14.5], "texture": "#1"},
				"down": {"uv": [14, 2.5, 16, 14.5], "texture": "#1"}
			}
		},
		{
			"from": [14, 7.5, 2],
			"to": [16, 8.5, 14],
			"faces": {
				"north": {"uv": [0, 0, 2, 1], "texture": "#missing"},
				"east": {"uv": [2, 7.5, 14, 8.5], "texture": "#0"},
				"south": {"uv": [0, 0, 2, 1], "texture": "#missing"},
				"west": {"uv": [0, 0, 12, 1], "texture": "#missing"},
				"up": {"uv": [0, 2, 2, 14], "texture": "#1"},
				"down": {"uv": [0, 2, 2, 14], "texture": "#1"}
			}
		},
		{
			"from": [14, 0, 2],
			"to": [16, 0.5, 14],
			"faces": {
				"north": {"uv": [0, 0, 2, 0.5], "texture": "#missing"},
				"east": {"uv": [2, 15.5, 14, 16], "texture": "#0"},
				"south": {"uv": [0, 0, 2, 0.5], "texture": "#missing"},
				"west": {"uv": [0, 0, 12, 0.5], "texture": "#missing"},
				"up": {"uv": [14, 2, 16, 14], "texture": "#1"},
				"down": {"uv": [14, 2, 16, 14], "texture": "#1"}
			}
		},
		{
			"from": [14, 15.5, 0],
			"to": [16, 16, 16],
			"faces": {
				"north": {"uv": [0, 0, 2, 0.5], "texture": "#0"},
				"east": {"uv": [0, 0, 16, 0.5], "texture": "#0"},
				"south": {"uv": [0, 0, 2, 0.5], "texture": "#0"},
				"west": {"uv": [0, 0, 16, 0.5], "texture": "#missing"},
				"up": {"uv": [14, 0, 16, 16], "texture": "#1"},
				"down": {"uv": [14, 0, 16, 16], "texture": "#1"}
			}
		},
		{
			"from": [0, 15.5, 0],
			"to": [2, 16, 16],
			"faces": {
				"north": {"uv": [14, 0, 16, 0.5], "texture": "#0"},
				"east": {"uv": [0, 0, 16, 0.5], "texture": "#missing"},
				"south": {"uv": [0, 0, 2, 0.5], "texture": "#0"},
				"west": {"uv": [0, 0, 16, 0.5], "texture": "#0"},
				"up": {"uv": [0, 0, 2, 16], "texture": "#1", "tintindex": 0},
				"down": {"uv": [0, 0, 2, 16], "texture": "#1"}
			}
		},
		{
			"from": [13.5, 0.5, 0.5],
			"to": [15.5, 7.5, 2.5],
			"faces": {
				"north": {"uv": [0.5, 9.5, 2.5, 15.5], "texture": "#0"},
				"east": {"uv": [0.5, 9.5, 2.5, 15.5], "texture": "#0"},
				"south": {"uv": [0.5, 9.5, 2.5, 15.5], "texture": "#0"},
				"west": {"uv": [0.5, 9.5, 2.5, 15.5], "texture": "#0"},
				"up": {"uv": [1, 12.5, 2, 13.5], "texture": "#0"},
				"down": {"uv": [0, 0, 2, 2], "texture": "#missing"}
			}
		},
		{
			"from": [12.5, 0.5, 1],
			"to": [13.5, 5, 2],
			"faces": {
				"north": {"uv": [2.5, 11, 3.5, 15.5], "texture": "#0"},
				"east": {"uv": [0, 0, 1, 4.5], "texture": "#missing"},
				"south": {"uv": [0, 0, 1, 4.5], "texture": "#missing"},
				"west": {"uv": [0, 0, 1, 4.5], "texture": "#missing"},
				"up": {"uv": [2.5, 13.5, 3.5, 14.5], "texture": "#0"},
				"down": {"uv": [0, 0, 1, 1], "texture": "#missing"}
			}
		},
		{
			"from": [10.5, 0.5, 0.5],
			"to": [12.5, 6, 2],
			"faces": {
				"north": {"uv": [3.5, 10, 5.5, 15.5], "texture": "#0"},
				"east": {"uv": [3.5, 10, 5, 15.5], "texture": "#0"},
				"south": {"uv": [0, 0, 2, 5.5], "texture": "#missing"},
				"west": {"uv": [0, 0, 1.5, 5.5], "texture": "#missing"},
				"up": {"uv": [3.5, 12.5, 5.5, 14], "texture": "#0"},
				"down": {"uv": [0, 0, 2, 1.5], "texture": "#missing"}
			}
		},
		{
			"from": [8, 0.5, 0],
			"to": [10.5, 7, 2],
			"faces": {
				"north": {"uv": [5.5, 9, 8, 15.5], "texture": "#0"},
				"east": {"uv": [5.5, 9, 7.5, 15.5], "texture": "#0"},
				"south": {"uv": [0, 0, 2.5, 6.5], "texture": "#missing"},
				"west": {"uv": [6, 9, 8, 15.5], "texture": "#0"},
				"up": {"uv": [5.5, 10.5, 8, 12.5], "texture": "#0"},
				"down": {"uv": [0, 0, 2.5, 2], "texture": "#missing"}
			}
		},
		{
			"from": [6, 1.5, 1],
			"to": [6.5, 3.5, 2],
			"faces": {
				"north": {"uv": [9.5, 12.5, 10, 14.5], "texture": "#0"},
				"east": {"uv": [9.5, 12.5, 10.5, 14.5], "texture": "#0"},
				"south": {"uv": [0, 0, 0.5, 2], "texture": "#missing"},
				"west": {"uv": [0, 0, 1, 2], "texture": "#missing"},
				"up": {"uv": [0, 0, 0.5, 1], "texture": "#missing"},
				"down": {"uv": [9.5, 12, 10, 13], "texture": "#0"}
			}
		},
		{
			"from": [6.5, 2.5, 1],
			"to": [7, 3.5, 2],
			"faces": {
				"north": {"uv": [9, 12.5, 9.5, 13.5], "texture": "#0"},
				"east": {"uv": [10, 12.5, 11, 13.5], "texture": "#0"},
				"south": {"uv": [0, 0, 0.5, 1], "texture": "#missing"},
				"west": {"uv": [0, 0, 1, 1], "texture": "#missing"},
				"up": {"uv": [0, 0, 0.5, 1], "texture": "#missing"},
				"down": {"uv": [9, 12.5, 9.5, 13.5], "texture": "#0"}
			}
		},
		{
			"from": [4.5, 1, 1],
			"to": [5, 2.5, 2],
			"faces": {
				"north": {"uv": [11, 13.5, 11.5, 15], "texture": "#0"},
				"east": {"uv": [0, 0, 1, 1.5], "texture": "#missing"},
				"south": {"uv": [0, 0, 0.5, 1.5], "texture": "#missing"},
				"west": {"uv": [0, 0, 1, 1.5], "texture": "#missing"},
				"up": {"uv": [11, 13.5, 11.5, 14.5], "texture": "#0"},
				"down": {"uv": [10.5, 14, 11, 15], "texture": "#0"}
			}
		},
		{
			"from": [5, 0.5, 1],
			"to": [6, 3.5, 2],
			"faces": {
				"north": {"uv": [10, 12.5, 11, 15.5], "texture": "#0"},
				"east": {"uv": [10, 12.5, 11, 15.5], "texture": "#0"},
				"south": {"uv": [0, 0, 1, 3], "texture": "#missing"},
				"west": {"uv": [10, 12.5, 11, 15.5], "texture": "#0"},
				"up": {"uv": [10, 12.5, 11, 13.5], "texture": "#0"},
				"down": {"uv": [0, 0, 1, 1], "texture": "#missing"}
			}
		},
		{
			"from": [5.5, 3.5, 1],
			"to": [7.5, 4.5, 2],
			"faces": {
				"north": {"uv": [8.5, 11.5, 10.5, 12.5], "texture": "#0"},
				"east": {"uv": [8.5, 10.5, 9.5, 11.5], "texture": "#0"},
				"south": {"uv": [0, 0, 2, 1], "texture": "#missing"},
				"west": {"uv": [9.5, 11.5, 10.5, 12.5], "texture": "#0"},
				"up": {"uv": [8.5, 11.5, 10.5, 12.5], "texture": "#0"},
				"down": {"uv": [9, 12.5, 11, 13.5], "texture": "#0"}
			}
		},
		{
			"from": [6, 4.5, 1],
			"to": [8, 5.5, 2],
			"faces": {
				"north": {"uv": [8, 10.5, 10, 11.5], "texture": "#0"},
				"east": {"uv": [0, 0, 1, 1], "texture": "#missing"},
				"south": {"uv": [0, 0, 2, 1], "texture": "#missing"},
				"west": {"uv": [9.5, 11.5, 10.5, 12.5], "texture": "#0"},
				"up": {"uv": [8, 10.5, 10, 11.5], "texture": "#0"},
				"down": {"uv": [8, 10.5, 10, 11.5], "texture": "#0"}
			}
		},
		{
			"from": [6.5, 5.5, 1],
			"to": [8, 6, 2],
			"faces": {
				"north": {"uv": [8, 10, 9.5, 10.5], "texture": "#0"},
				"east": {"uv": [0, 0, 1, 0.5], "texture": "#missing"},
				"south": {"uv": [0, 0, 1.5, 0.5], "texture": "#missing"},
				"west": {"uv": [8.5, 10.5, 9.5, 11], "texture": "#0"},
				"up": {"uv": [8, 10.5, 9.5, 11.5], "texture": "#0"},
				"down": {"uv": [0, 0, 1.5, 1], "texture": "#missing"}
			}
		},
		{
			"from": [6.5, 6, 1],
			"to": [7.5, 6.5, 2],
			"faces": {
				"north": {"uv": [8.5, 9.5, 9.5, 10], "texture": "#0"},
				"east": {"uv": [8.5, 10, 9.5, 10.5], "texture": "#0"},
				"south": {"uv": [0, 0, 1, 0.5], "texture": "#missing"},
				"west": {"uv": [8.5, 10.5, 9.5, 11], "texture": "#0"},
				"up": {"uv": [8.5, 10, 9.5, 11], "texture": "#0"},
				"down": {"uv": [0, 0, 1, 1], "texture": "#missing"}
			}
		},
		{
			"from": [2.5, 0.5, 0.5],
			"to": [4.5, 6, 2],
			"faces": {
				"north": {"uv": [11.5, 10, 13.5, 15.5], "texture": "#0"},
				"east": {"uv": [11.5, 10, 12.5, 15.5], "texture": "#0"},
				"south": {"uv": [0, 0, 2, 5.5], "texture": "#missing"},
				"west": {"uv": [11.5, 10, 13, 15.5], "texture": "#0"},
				"up": {"uv": [11.5, 12, 13.5, 13.5], "texture": "#0"},
				"down": {"uv": [0, 0, 2, 1.5], "texture": "#missing"}
			}
		},
		{
			"from": [0.5, 0.5, 0.5],
			"to": [2.5, 7.5, 2.5],
			"faces": {
				"north": {"uv": [13.5, 10.5, 15.5, 15.5], "texture": "#0"},
				"east": {"uv": [15.5, 10.5, 13.5, 15.5], "texture": "#0"},
				"south": {"uv": [13.5, 10.5, 15.5, 15.5], "texture": "#0"},
				"west": {"uv": [13.5, 10.5, 15.5, 15.5], "texture": "#0"},
				"up": {"uv": [13.5, 13, 14, 15], "texture": "#0"},
				"down": {"uv": [0, 0, 2, 2], "texture": "#missing"}
			}
		},
		{
			"from": [14.5, 8.5, 0.5],
			"to": [15.5, 15.75, 1.5],
			"faces": {
				"north": {"uv": [0.5, 3, 1.5, 7.5], "texture": "#0"},
				"east": {"uv": [1.5, 3, 0.5, 7.5], "texture": "#0"},
				"south": {"uv": [0.5, 3, 1.5, 7.5], "texture": "#0"},
				"west": {"uv": [0.5, 3, 1.5, 7.5], "texture": "#0"},
				"up": {"uv": [0.5, 3, 1.5, 4], "texture": "#0"},
				"down": {"uv": [0, 0, 1, 1], "texture": "#missing"}
			}
		},
		{
			"from": [13.75, 8.5, 1.25],
			"to": [14.75, 15.75, 2.25],
			"faces": {
				"north": {"uv": [0.5, 3, 1.5, 7.5], "texture": "#0"},
				"east": {"uv": [1.5, 3, 0.5, 7.5], "texture": "#0"},
				"south": {"uv": [0.5, 3, 1.5, 7.5], "texture": "#0"},
				"west": {"uv": [0.5, 3, 1.5, 7.5], "texture": "#0"},
				"up": {"uv": [0.5, 3, 1.5, 4], "texture": "#0"},
				"down": {"uv": [0, 0, 1, 1], "texture": "#missing"}
			}
		},
		{
			"from": [0.5, 0.5, 13.5],
			"to": [2.5, 7.5, 15.5],
			"rotation": {"angle": 0, "axis": "y", "origin": [8, 0, 0]},
			"faces": {
				"north": {"uv": [0.5, 9.5, 2.5, 15.5], "texture": "#0"},
				"east": {"uv": [0.5, 9.5, 2.5, 15.5], "texture": "#0"},
				"south": {"uv": [0.5, 9.5, 2.5, 15.5], "texture": "#0"},
				"west": {"uv": [0.5, 9.5, 2.5, 15.5], "texture": "#0"},
				"up": {"uv": [1, 12.5, 2, 13.5], "rotation": 180, "texture": "#0"},
				"down": {"uv": [0, 0, 2, 2], "rotation": 180, "texture": "#missing"}
			}
		},
		{
			"from": [2.5, 0.5, 14],
			"to": [3.5, 5, 15],
			"rotation": {"angle": 0, "axis": "y", "origin": [8, 0, 0]},
			"faces": {
				"north": {"uv": [0, 0, 1, 4.5], "texture": "#missing"},
				"east": {"uv": [0, 0, 1, 4.5], "texture": "#missing"},
				"south": {"uv": [2.5, 11, 3.5, 15.5], "texture": "#0"},
				"west": {"uv": [0, 0, 1, 4.5], "texture": "#missing"},
				"up": {"uv": [2.5, 13.5, 3.5, 14.5], "rotation": 180, "texture": "#0"},
				"down": {"uv": [0, 0, 1, 1], "rotation": 180, "texture": "#missing"}
			}
		},
		{
			"from": [3.5, 0.5, 14],
			"to": [5.5, 6, 15.5],
			"rotation": {"angle": 0, "axis": "y", "origin": [8, 0, 0]},
			"faces": {
				"north": {"uv": [0, 0, 2, 5.5], "texture": "#missing"},
				"east": {"uv": [0, 0, 1.5, 5.5], "texture": "#missing"},
				"south": {"uv": [3.5, 10, 5.5, 15.5], "texture": "#0"},
				"west": {"uv": [3.5, 10, 5, 15.5], "texture": "#0"},
				"up": {"uv": [3.5, 12.5, 5.5, 14], "rotation": 180, "texture": "#0"},
				"down": {"uv": [0, 0, 2, 1.5], "rotation": 180, "texture": "#missing"}
			}
		},
		{
			"from": [5.5, 0.5, 14],
			"to": [8, 7, 16],
			"rotation": {"angle": 0, "axis": "y", "origin": [8, 0, 0]},
			"faces": {
				"north": {"uv": [0, 0, 2.5, 6.5], "texture": "#missing"},
				"east": {"uv": [6, 9, 8, 15.5], "texture": "#0"},
				"south": {"uv": [5.5, 9, 8, 15.5], "texture": "#0"},
				"west": {"uv": [5.5, 9, 7.5, 15.5], "texture": "#0"},
				"up": {"uv": [5.5, 10.5, 8, 12.5], "rotation": 180, "texture": "#0"},
				"down": {"uv": [0, 0, 2.5, 2], "rotation": 180, "texture": "#missing"}
			}
		},
		{
			"from": [8, 5.5, 14],
			"to": [9.5, 6, 15],
			"rotation": {"angle": 0, "axis": "y", "origin": [8, 0, 0]},
			"faces": {
				"north": {"uv": [0, 0, 1.5, 0.5], "texture": "#missing"},
				"east": {"uv": [8.5, 10.5, 9.5, 11], "texture": "#0"},
				"south": {"uv": [8, 10, 9.5, 10.5], "texture": "#0"},
				"west": {"uv": [0, 0, 1, 0.5], "texture": "#missing"},
				"up": {"uv": [8, 10.5, 9.5, 11.5], "rotation": 180, "texture": "#0"},
				"down": {"uv": [0, 0, 1.5, 1], "rotation": 180, "texture": "#missing"}
			}
		},
		{
			"from": [8.5, 6, 14],
			"to": [9.5, 6.5, 15],
			"rotation": {"angle": 0, "axis": "y", "origin": [8, 0, 0]},
			"faces": {
				"north": {"uv": [0, 0, 1, 0.5], "texture": "#missing"},
				"east": {"uv": [8.5, 10.5, 9.5, 11], "texture": "#0"},
				"south": {"uv": [8.5, 9.5, 9.5, 10], "texture": "#0"},
				"west": {"uv": [8.5, 10, 9.5, 10.5], "texture": "#0"},
				"up": {"uv": [8.5, 10, 9.5, 11], "rotation": 180, "texture": "#0"},
				"down": {"uv": [0, 0, 1, 1], "rotation": 180, "texture": "#missing"}
			}
		},
		{
			"from": [8, 4.5, 14],
			"to": [10, 5.5, 15],
			"rotation": {"angle": 0, "axis": "y", "origin": [8, 0, 0]},
			"faces": {
				"north": {"uv": [0, 0, 2, 1], "texture": "#missing"},
				"east": {"uv": [9.5, 11.5, 10.5, 12.5], "texture": "#0"},
				"south": {"uv": [8, 10.5, 10, 11.5], "texture": "#0"},
				"west": {"uv": [0, 0, 1, 1], "texture": "#missing"},
				"up": {"uv": [8, 10.5, 10, 11.5], "rotation": 180, "texture": "#0"},
				"down": {"uv": [8, 10.5, 10, 11.5], "rotation": 180, "texture": "#0"}
			}
		},
		{
			"from": [9, 2.5, 14],
			"to": [9.5, 3.5, 15],
			"rotation": {"angle": 0, "axis": "y", "origin": [8, 0, 0]},
			"faces": {
				"north": {"uv": [0, 0, 0.5, 1], "texture": "#missing"},
				"east": {"uv": [0, 0, 1, 1], "texture": "#missing"},
				"south": {"uv": [9, 12.5, 9.5, 13.5], "texture": "#0"},
				"west": {"uv": [10, 12.5, 11, 13.5], "texture": "#0"},
				"up": {"uv": [0, 0, 0.5, 1], "rotation": 180, "texture": "#missing"},
				"down": {"uv": [9, 12.5, 9.5, 13.5], "rotation": 180, "texture": "#0"}
			}
		},
		{
			"from": [8.5, 3.5, 14],
			"to": [10.5, 4.5, 15],
			"rotation": {"angle": 0, "axis": "y", "origin": [8, 0, 0]},
			"faces": {
				"north": {"uv": [0, 0, 2, 1], "texture": "#missing"},
				"east": {"uv": [9.5, 11.5, 10.5, 12.5], "texture": "#0"},
				"south": {"uv": [8.5, 11.5, 10.5, 12.5], "texture": "#0"},
				"west": {"uv": [8.5, 10.5, 9.5, 11.5], "texture": "#0"},
				"up": {"uv": [8.5, 11.5, 10.5, 12.5], "rotation": 180, "texture": "#0"},
				"down": {"uv": [9, 12.5, 11, 13.5], "rotation": 180, "texture": "#0"}
			}
		},
		{
			"from": [9.5, 1.5, 14],
			"to": [10, 3.5, 15],
			"rotation": {"angle": 0, "axis": "y", "origin": [8, 0, 0]},
			"faces": {
				"north": {"uv": [0, 0, 0.5, 2], "texture": "#missing"},
				"east": {"uv": [0, 0, 1, 2], "texture": "#missing"},
				"south": {"uv": [9.5, 12.5, 10, 14.5], "texture": "#0"},
				"west": {"uv": [9.5, 12.5, 10.5, 14.5], "texture": "#0"},
				"up": {"uv": [0, 0, 0.5, 1], "rotation": 180, "texture": "#missing"},
				"down": {"uv": [9.5, 12, 10, 13], "rotation": 180, "texture": "#0"}
			}
		},
		{
			"from": [10, 0.5, 14],
			"to": [11, 3.5, 15],
			"rotation": {"angle": 0, "axis": "y", "origin": [8, 0, 0]},
			"faces": {
				"north": {"uv": [0, 0, 1, 3], "texture": "#missing"},
				"east": {"uv": [10, 12.5, 11, 15.5], "texture": "#0"},
				"south": {"uv": [10, 12.5, 11, 15.5], "texture": "#0"},
				"west": {"uv": [10, 12.5, 11, 15.5], "texture": "#0"},
				"up": {"uv": [10, 12.5, 11, 13.5], "rotation": 180, "texture": "#0"},
				"down": {"uv": [0, 0, 1, 1], "rotation": 180, "texture": "#missing"}
			}
		},
		{
			"from": [11, 1, 14],
			"to": [11.5, 2.5, 15],
			"rotation": {"angle": 0, "axis": "y", "origin": [8, 0, 0]},
			"faces": {
				"north": {"uv": [0, 0, 0.5, 1.5], "texture": "#missing"},
				"east": {"uv": [0, 0, 1, 1.5], "texture": "#missing"},
				"south": {"uv": [11, 13.5, 11.5, 15], "texture": "#0"},
				"west": {"uv": [0, 0, 1, 1.5], "texture": "#missing"},
				"up": {"uv": [11, 13.5, 11.5, 14.5], "rotation": 180, "texture": "#0"},
				"down": {"uv": [10.5, 14, 11, 15], "rotation": 180, "texture": "#0"}
			}
		},
		{
			"from": [11.5, 0.5, 14],
			"to": [13.5, 6, 15.5],
			"rotation": {"angle": 0, "axis": "y", "origin": [8, 0, 0]},
			"faces": {
				"north": {"uv": [0, 0, 2, 5.5], "texture": "#missing"},
				"east": {"uv": [11.5, 10, 13, 15.5], "texture": "#0"},
				"south": {"uv": [11.5, 10, 13.5, 15.5], "texture": "#0"},
				"west": {"uv": [11.5, 10, 12.5, 15.5], "texture": "#0"},
				"up": {"uv": [11.5, 12, 13.5, 13.5], "rotation": 180, "texture": "#0"},
				"down": {"uv": [0, 0, 2, 1.5], "rotation": 180, "texture": "#missing"}
			}
		},
		{
			"from": [13.5, 0.5, 13.5],
			"to": [15.5, 7.5, 15.5],
			"rotation": {"angle": 0, "axis": "y", "origin": [8, 0, 0]},
			"faces": {
				"north": {"uv": [13.5, 10.5, 15.5, 15.5], "texture": "#0"},
				"east": {"uv": [13.5, 10.5, 15.5, 15.5], "texture": "#0"},
				"south": {"uv": [13.5, 10.5, 15.5, 15.5], "texture": "#0"},
				"west": {"uv": [15.5, 10.5, 13.5, 15.5], "texture": "#0"},
				"up": {"uv": [13.5, 13, 14, 15], "rotation": 180, "texture": "#0"},
				"down": {"uv": [0, 0, 2, 2], "rotation": 180, "texture": "#missing"}
			}
		},
		{
			"from": [14.5, 8.5, 14.5],
			"to": [15.5, 15.75, 15.5],
			"rotation": {"angle": 0, "axis": "y", "origin": [8, 0, 0]},
			"faces": {
				"north": {"uv": [14.5, 2.5, 15.5, 7.5], "texture": "#0"},
				"east": {"uv": [14.5, 2.5, 15.5, 7.5], "texture": "#0"},
				"south": {"uv": [14.5, 2.5, 15.5, 7.5], "texture": "#0"},
				"west": {"uv": [14.5, 2.5, 15.5, 7.5], "texture": "#0"},
				"up": {"uv": [14.5, 3, 15.5, 4], "rotation": 180, "texture": "#0"},
				"down": {"uv": [0, 0, 1, 1], "rotation": 180, "texture": "#missing"}
			}
		},
		{
			"from": [12, 8.5, 14],
			"to": [14.5, 15.5, 15],
			"rotation": {"angle": 0, "axis": "y", "origin": [8, 0, 0]},
			"faces": {
				"north": {"uv": [12, 1, 14.5, 7.5], "texture": "#0"},
				"east": {"uv": [12, 1, 13, 7.5], "texture": "#0"},
				"south": {"uv": [12, 1, 14.5, 7.5], "texture": "#0"},
				"west": {"uv": [12, 1, 13, 7.5], "texture": "#0"},
				"up": {"uv": [12, 1, 14.5, 2], "rotation": 180, "texture": "#0"},
				"down": {"uv": [0, 0, 2, 1], "rotation": 180, "texture": "#missing"}
			}
		},
		{
			"from": [11, 8.5, 14],
			"to": [12, 13, 15],
			"rotation": {"angle": 0, "axis": "y", "origin": [8, 0, 0]},
			"faces": {
				"north": {"uv": [0, 0, 1, 4.5], "texture": "#missing"},
				"east": {"uv": [0, 0, 1, 4.5], "texture": "#missing"},
				"south": {"uv": [11, 3, 12, 7.5], "texture": "#0"},
				"west": {"uv": [0, 0, 1, 4.5], "texture": "#missing"},
				"up": {"uv": [11, 6.5, 12, 7.5], "rotation": 180, "texture": "#0"},
				"down": {"uv": [0, 0, 1, 1], "rotation": 180, "texture": "#missing"}
			}
		},
		{
			"from": [9, 8.5, 14],
			"to": [11, 14.5, 15.75],
			"rotation": {"angle": 0, "axis": "y", "origin": [8, 0, 0]},
			"faces": {
				"north": {"uv": [0, 0, 2, 6], "texture": "#missing"},
				"east": {"uv": [9, 1.5, 10.75, 7.5], "texture": "#0"},
				"south": {"uv": [9, 1.5, 11, 7.5], "texture": "#0"},
				"west": {"uv": [9, 1.5, 10.75, 7.5], "texture": "#0"},
				"up": {"uv": [9, 3.5, 11, 5.25], "rotation": 180, "texture": "#0"},
				"down": {"uv": [0, 0, 2, 1.75], "rotation": 180, "texture": "#missing"}
			}
		},
		{
			"from": [8, 12.5, 14],
			"to": [9, 13.5, 15.5],
			"rotation": {"angle": 0, "axis": "y", "origin": [8, 0, 0]},
			"faces": {
				"north": {"uv": [0, 0, 1, 1], "texture": "#missing"},
				"east": {"uv": [0, 0, 1.5, 1], "texture": "#missing"},
				"south": {"uv": [8, 2.5, 9, 3.5], "texture": "#0"},
				"west": {"uv": [9, 3.5, 7.5, 4.5], "texture": "#0"},
				"up": {"uv": [8, 2.5, 9, 4], "rotation": 180, "texture": "#0"},
				"down": {"uv": [0, 0, 1, 1.5], "rotation": 180, "texture": "#missing"}
			}
		},
		{
			"from": [7.5, 11.5, 14],
			"to": [9, 12.5, 15.5],
			"rotation": {"angle": 0, "axis": "y", "origin": [8, 0, 0]},
			"faces": {
				"north": {"uv": [0, 0, 1.5, 1], "texture": "#missing"},
				"east": {"uv": [0, 0, 1.5, 1], "texture": "#missing"},
				"south": {"uv": [7.5, 3.5, 9, 4.5], "texture": "#0"},
				"west": {"uv": [9, 3.5, 7.5, 4.5], "texture": "#0"},
				"up": {"uv": [7.5, 3.5, 9, 4.5], "rotation": 180, "texture": "#0"},
				"down": {"uv": [7.5, 3.5, 9, 4.5], "rotation": 180, "texture": "#0"}
			}
		},
		{
			"from": [7, 10.5, 14],
			"to": [8.5, 11.5, 15.5],
			"rotation": {"angle": 0, "axis": "y", "origin": [8, 0, 0]},
			"faces": {
				"north": {"uv": [0, 0, 1.5, 1], "texture": "#missing"},
				"east": {"uv": [7, 4.5, 8.5, 5.5], "texture": "#0"},
				"south": {"uv": [7, 4.5, 8.5, 5.5], "texture": "#0"},
				"west": {"uv": [7, 4.5, 8.5, 5.5], "texture": "#0"},
				"up": {"uv": [7, 4.5, 8.5, 5.5], "rotation": 180, "texture": "#0"},
				"down": {"uv": [7, 4.5, 8.5, 5.5], "rotation": 180, "texture": "#0"}
			}
		},
		{
			"from": [7.5, 9.5, 14],
			"to": [8, 10.5, 15.5],
			"rotation": {"angle": 0, "axis": "y", "origin": [8, 0, 0]},
			"faces": {
				"north": {"uv": [0, 0, 0.5, 1], "texture": "#missing"},
				"east": {"uv": [8, 5.5, 6.5, 6.5], "texture": "#0"},
				"south": {"uv": [7.5, 5.5, 8, 6.5], "texture": "#0"},
				"west": {"uv": [0, 0, 1.5, 1], "texture": "#missing"},
				"up": {"uv": [0, 0, 0.5, 1.5], "rotation": 180, "texture": "#missing"},
				"down": {"uv": [7, 5.5, 7.5, 7], "rotation": 180, "texture": "#0"}
			}
		},
		{
			"from": [6.5, 8.5, 14],
			"to": [7.5, 10.5, 15.5],
			"rotation": {"angle": 0, "axis": "y", "origin": [8, 0, 0]},
			"faces": {
				"north": {"uv": [0, 0, 1, 2], "texture": "#missing"},
				"east": {"uv": [6.5, 5.5, 7.5, 7.5], "texture": "#0"},
				"south": {"uv": [6.5, 5.5, 7.5, 7.5], "texture": "#0"},
				"west": {"uv": [0, 0, 1.5, 2], "texture": "#missing"},
				"up": {"uv": [6.5, 5.5, 7.5, 7], "rotation": 180, "texture": "#0"},
				"down": {"uv": [0, 0, 1, 1.5], "rotation": 180, "texture": "#missing"}
			}
		},
		{
			"from": [5.5, 8.5, 14],
			"to": [6.5, 12.5, 16],
			"rotation": {"angle": 0, "axis": "y", "origin": [8, 0, 0]},
			"faces": {
				"north": {"uv": [0, 0, 1, 4], "texture": "#missing"},
				"east": {"uv": [5.5, 3.5, 6.5, 7.5], "texture": "#0"},
				"south": {"uv": [5.5, 3.5, 6.5, 7.5], "texture": "#0"},
				"west": {"uv": [5.5, 3.5, 6.5, 7.5], "texture": "#0"},
				"up": {"uv": [5.5, 3.5, 6.5, 5.5], "rotation": 180, "texture": "#0"},
				"down": {"uv": [0, 0, 1, 2], "rotation": 180, "texture": "#missing"}
			}
		},
		{
			"from": [3.5, 8.5, 14],
			"to": [5.5, 14, 15],
			"rotation": {"angle": 0, "axis": "y", "origin": [8, 0, 0]},
			"faces": {
				"north": {"uv": [0, 0, 2, 5.5], "texture": "#missing"},
				"east": {"uv": [3.5, 2, 4.5, 7.5], "texture": "#0"},
				"south": {"uv": [3.5, 2, 5.5, 7.5], "texture": "#0"},
				"west": {"uv": [3.5, 2, 4.5, 7.5], "texture": "#0"},
				"up": {"uv": [3.5, 2, 5.5, 3], "rotation": 180, "texture": "#0"},
				"down": {"uv": [0, 0, 2, 1], "rotation": 180, "texture": "#missing"}
			}
		},
		{
			"from": [3, 10, 14],
			"to": [3.5, 12.5, 15.25],
			"rotation": {"angle": 0, "axis": "y", "origin": [8, 0, 0]},
			"faces": {
				"north": {"uv": [0, 0, 0.5, 2.5], "texture": "#missing"},
				"east": {"uv": [2, 3, 3, 5.5], "texture": "#0"},
				"south": {"uv": [3, 3.5, 3.5, 6], "texture": "#0"},
				"west": {"uv": [0, 0, 1.25, 2.5], "texture": "#missing"},
				"up": {"uv": [3, 3.5, 3.5, 4.75], "rotation": 180, "texture": "#0"},
				"down": {"uv": [3, 3.5, 3.5, 4.75], "rotation": 180, "texture": "#0"}
			}
		},
		{
			"from": [2, 8.5, 14],
			"to": [3, 13, 15.25],
			"rotation": {"angle": 0, "axis": "y", "origin": [8, 0, 0]},
			"faces": {
				"north": {"uv": [0, 0, 1, 4.5], "texture": "#missing"},
				"east": {"uv": [2, 3, 3, 7.5], "texture": "#0"},
				"south": {"uv": [2, 3, 3, 7.5], "texture": "#0"},
				"west": {"uv": [2, 3, 3, 7.5], "texture": "#0"},
				"up": {"uv": [2, 3, 3, 4.25], "rotation": 180, "texture": "#0"},
				"down": {"uv": [0, 0, 1, 1.25], "rotation": 180, "texture": "#missing"}
			}
		},
		{
			"from": [1.5, 9, 14],
			"to": [2, 11.5, 15.25],
			"rotation": {"angle": 0, "axis": "y", "origin": [8, 0, 0]},
			"faces": {
				"north": {"uv": [1.5, 4.5, 2, 7], "texture": "#0"},
				"east": {"uv": [0, 0, 1.25, 2.5], "texture": "#missing"},
				"south": {"uv": [1.5, 4.5, 2, 7], "texture": "#0"},
				"west": {"uv": [2, 3, 3.25, 5.5], "texture": "#0"},
				"up": {"uv": [1.5, 4.5, 2, 5.75], "rotation": 180, "texture": "#0"},
				"down": {"uv": [1.5, 4.5, 2, 5.75], "rotation": 180, "texture": "#0"}
			}
		},
		{
			"from": [0.5, 8.5, 14.5],
			"to": [1.5, 15.75, 15.5],
			"rotation": {"angle": 0, "axis": "y", "origin": [8, 0, 0]},
			"faces": {
				"north": {"uv": [0.5, 3, 1.5, 7.5], "texture": "#0"},
				"east": {"uv": [0.5, 3, 1.5, 7.5], "texture": "#0"},
				"south": {"uv": [0.5, 3, 1.5, 7.5], "texture": "#0"},
				"west": {"uv": [0.5, 3, 1.5, 7.5], "texture": "#0"},
				"up": {"uv": [0.5, 3, 1.5, 4], "rotation": 180, "texture": "#0"},
				"down": {"uv": [0, 0, 1, 1], "rotation": 180, "texture": "#missing"}
			}
		},
		{
			"from": [1.5, 8.5, 13.5],
			"to": [2.5, 15.75, 14.5],
			"rotation": {"angle": 0, "axis": "y", "origin": [8, 0, 0]},
			"faces": {
				"north": {"uv": [0.5, 3, 1.5, 7.5], "texture": "#0"},
				"east": {"uv": [0.5, 3, 1.5, 7.5], "texture": "#0"},
				"south": {"uv": [0.5, 3, 1.5, 7.5], "texture": "#0"},
				"west": {"uv": [0.5, 3, 1.5, 7.5], "texture": "#0"},
				"up": {"uv": [0.5, 3, 1.5, 4], "rotation": 180, "texture": "#0"},
				"down": {"uv": [0, 0, 1, 1], "rotation": 180, "texture": "#missing"}
			}
		},
		{
			"from": [14, 0.5, 2.5],
			"to": [15, 5, 3.5],
			"rotation": {"angle": 0, "axis": "y", "origin": [8, 0, 19]},
			"faces": {
				"north": {"uv": [0, 0, 1, 4.5], "texture": "#missing"},
				"east": {"uv": [2.5, 11, 3.5, 15.5], "texture": "#0"},
				"south": {"uv": [0, 0, 1, 4.5], "texture": "#missing"},
				"west": {"uv": [2.5, 11, 3.5, 15.5], "texture": "#0"},
				"up": {"uv": [2.5, 13.5, 3.5, 14.5], "rotation": 270, "texture": "#0"},
				"down": {"uv": [0, 0, 1, 1], "rotation": 90, "texture": "#missing"}
			}
		},
		{
			"from": [14, 0.5, 3.5],
			"to": [15.5, 6, 5.5],
			"rotation": {"angle": 0, "axis": "y", "origin": [8, 0, 19]},
			"faces": {
				"north": {"uv": [3.5, 10, 5, 15.5], "texture": "#0"},
				"east": {"uv": [3.5, 10, 5.5, 15.5], "texture": "#0"},
				"south": {"uv": [0, 0, 1.5, 5.5], "texture": "#missing"},
				"west": {"uv": [3.5, 10, 5.5, 15.5], "texture": "#0"},
				"up": {"uv": [3.5, 12.5, 5.5, 14], "rotation": 270, "texture": "#0"},
				"down": {"uv": [0, 0, 2, 1.5], "rotation": 90, "texture": "#missing"}
			}
		},
		{
			"from": [14, 0.5, 5.5],
			"to": [16, 7, 8],
			"rotation": {"angle": 0, "axis": "y", "origin": [8, 0, 19]},
			"faces": {
				"north": {"uv": [5.5, 9, 7.5, 15.5], "texture": "#0"},
				"east": {"uv": [8, 9, 5.5, 15.5], "texture": "#0"},
				"south": {"uv": [6, 9, 8, 15.5], "texture": "#0"},
				"west": {"uv": [5.5, 9, 8, 15.5], "texture": "#0"},
				"up": {"uv": [5.5, 10.5, 8, 12.5], "rotation": 270, "texture": "#0"},
				"down": {"uv": [0, 0, 2.5, 2], "rotation": 90, "texture": "#missing"}
			}
		},
		{
			"from": [14, 5.5, 8],
			"to": [15, 6, 9.5],
			"rotation": {"angle": 0, "axis": "y", "origin": [8, 0, 19]},
			"faces": {
				"north": {"uv": [0, 0, 1, 0.5], "texture": "#missing"},
				"east": {"uv": [9.5, 10, 8, 10.5], "texture": "#0"},
				"south": {"uv": [8.5, 10.5, 9.5, 11], "texture": "#0"},
				"west": {"uv": [8, 10, 9.5, 10.5], "texture": "#0"},
				"up": {"uv": [8, 10.5, 9.5, 11.5], "rotation": 270, "texture": "#0"},
				"down": {"uv": [0, 0, 1.5, 1], "rotation": 90, "texture": "#missing"}
			}
		},
		{
			"from": [14, 6, 8.5],
			"to": [15, 6.5, 9.5],
			"rotation": {"angle": 0, "axis": "y", "origin": [8, 0, 19]},
			"faces": {
				"north": {"uv": [8.5, 10, 9.5, 10.5], "texture": "#0"},
				"east": {"uv": [9.5, 9.5, 8.5, 10], "texture": "#0"},
				"south": {"uv": [8.5, 10.5, 9.5, 11], "texture": "#0"},
				"west": {"uv": [8.5, 9.5, 9.5, 10], "texture": "#0"},
				"up": {"uv": [8.5, 10, 9.5, 11], "rotation": 270, "texture": "#0"},
				"down": {"uv": [0, 0, 1, 1], "rotation": 90, "texture": "#missing"}
			}
		},
		{
			"from": [14, 4.5, 8],
			"to": [15, 5.5, 10],
			"rotation": {"angle": 0, "axis": "y", "origin": [8, 0, 19]},
			"faces": {
				"north": {"uv": [0, 0, 1, 1], "texture": "#missing"},
				"east": {"uv": [10, 10.5, 8, 11.5], "texture": "#0"},
				"south": {"uv": [9.5, 11.5, 10.5, 12.5], "texture": "#0"},
				"west": {"uv": [8, 10.5, 10, 11.5], "texture": "#0"},
				"up": {"uv": [8, 10.5, 10, 11.5], "rotation": 270, "texture": "#0"},
				"down": {"uv": [8, 10.5, 10, 11.5], "rotation": 90, "texture": "#0"}
			}
		},
		{
			"from": [14, 2.5, 9],
			"to": [15, 3.5, 9.5],
			"rotation": {"angle": 0, "axis": "y", "origin": [8, 0, 19]},
			"faces": {
				"north": {"uv": [10, 12.5, 11, 13.5], "texture": "#0"},
				"east": {"uv": [9, 12.5, 9.5, 13.5], "texture": "#0"},
				"south": {"uv": [0, 0, 1, 1], "texture": "#missing"},
				"west": {"uv": [9, 12.5, 9.5, 13.5], "texture": "#0"},
				"up": {"uv": [0, 0, 0.5, 1], "rotation": 270, "texture": "#missing"},
				"down": {"uv": [9, 12.5, 9.5, 13.5], "rotation": 90, "texture": "#0"}
			}
		},
		{
			"from": [14, 3.5, 8.5],
			"to": [15, 4.5, 10.5],
			"rotation": {"angle": 0, "axis": "y", "origin": [8, 0, 19]},
			"faces": {
				"north": {"uv": [8.5, 10.5, 9.5, 11.5], "texture": "#0"},
				"east": {"uv": [10.5, 11.5, 8.5, 12.5], "texture": "#0"},
				"south": {"uv": [9.5, 11.5, 10.5, 12.5], "texture": "#0"},
				"west": {"uv": [8.5, 11.5, 10.5, 12.5], "texture": "#0"},
				"up": {"uv": [8.5, 11.5, 10.5, 12.5], "rotation": 270, "texture": "#0"},
				"down": {"uv": [9, 12.5, 11, 13.5], "rotation": 90, "texture": "#0"}
			}
		},
		{
			"from": [14, 1.5, 9.5],
			"to": [15, 3.5, 10],
			"rotation": {"angle": 0, "axis": "y", "origin": [8, 0, 19]},
			"faces": {
				"north": {"uv": [9.5, 12.5, 10.5, 14.5], "texture": "#0"},
				"east": {"uv": [9.5, 12.5, 10, 14.5], "texture": "#0"},
				"south": {"uv": [0, 0, 1, 2], "texture": "#missing"},
				"west": {"uv": [9.5, 12.5, 10, 14.5], "texture": "#0"},
				"up": {"uv": [0, 0, 0.5, 1], "rotation": 270, "texture": "#missing"},
				"down": {"uv": [9.5, 12, 10, 13], "rotation": 90, "texture": "#0"}
			}
		},
		{
			"from": [14, 0.5, 10],
			"to": [15, 3.5, 11],
			"rotation": {"angle": 0, "axis": "y", "origin": [8, 0, 19]},
			"faces": {
				"north": {"uv": [10, 12.5, 11, 15.5], "texture": "#0"},
				"east": {"uv": [11, 12.5, 10, 15.5], "texture": "#0"},
				"south": {"uv": [10, 12.5, 11, 15.5], "texture": "#0"},
				"west": {"uv": [10, 12.5, 11, 15.5], "texture": "#0"},
				"up": {"uv": [10, 12.5, 11, 13.5], "rotation": 270, "texture": "#0"},
				"down": {"uv": [0, 0, 1, 1], "rotation": 90, "texture": "#missing"}
			}
		},
		{
			"from": [14, 1, 11],
			"to": [15, 2.5, 11.5],
			"rotation": {"angle": 0, "axis": "y", "origin": [8, 0, 19]},
			"faces": {
				"north": {"uv": [0, 0, 1, 1.5], "texture": "#missing"},
				"east": {"uv": [11, 13.5, 11.5, 15], "texture": "#0"},
				"south": {"uv": [0, 0, 1, 1.5], "texture": "#missing"},
				"west": {"uv": [11, 13.5, 11.5, 15], "texture": "#0"},
				"up": {"uv": [11, 13.5, 11.5, 14.5], "rotation": 270, "texture": "#0"},
				"down": {"uv": [10.5, 14, 11, 15], "rotation": 90, "texture": "#0"}
			}
		},
		{
			"from": [14, 0.5, 11.5],
			"to": [15.5, 6, 13.5],
			"rotation": {"angle": 0, "axis": "y", "origin": [8, 0, 19]},
			"faces": {
				"north": {"uv": [11.5, 10, 12.5, 15.5], "texture": "#0"},
				"east": {"uv": [13.5, 10, 11.5, 15.5], "texture": "#0"},
				"south": {"uv": [11.5, 10, 13, 15.5], "texture": "#0"},
				"west": {"uv": [11.5, 10, 13.5, 15.5], "texture": "#0"},
				"up": {"uv": [11.5, 12, 13.5, 13.5], "rotation": 270, "texture": "#0"},
				"down": {"uv": [0, 0, 2, 1.5], "rotation": 90, "texture": "#missing"}
			}
		},
		{
			"from": [14, 8.5, 12],
			"to": [15, 15.5, 14.5],
			"rotation": {"angle": 0, "axis": "y", "origin": [8, 0, 19]},
			"faces": {
				"north": {"uv": [12, 1, 13, 7.5], "texture": "#0"},
				"east": {"uv": [12, 1, 14.5, 7.5], "texture": "#0"},
				"south": {"uv": [12, 1, 13, 7.5], "texture": "#0"},
				"west": {"uv": [12, 1, 14.5, 7.5], "texture": "#0"},
				"up": {"uv": [12, 1, 14.5, 2], "rotation": 270, "texture": "#0"},
				"down": {"uv": [0, 0, 2, 1], "rotation": 90, "texture": "#missing"}
			}
		},
		{
			"from": [14, 8.5, 11],
			"to": [15, 13, 12],
			"rotation": {"angle": 0, "axis": "y", "origin": [8, 0, 19]},
			"faces": {
				"north": {"uv": [0, 0, 1, 4.5], "texture": "#missing"},
				"east": {"uv": [12, 3, 11, 7.5], "texture": "#0"},
				"south": {"uv": [0, 0, 1, 4.5], "texture": "#missing"},
				"west": {"uv": [11, 3, 12, 7.5], "texture": "#0"},
				"up": {"uv": [11, 6.5, 12, 7.5], "rotation": 270, "texture": "#0"},
				"down": {"uv": [0, 0, 1, 1], "rotation": 90, "texture": "#missing"}
			}
		},
		{
			"from": [13.25, 8.5, 9],
			"to": [15, 14.5, 11],
			"rotation": {"angle": 0, "axis": "y", "origin": [8, 0, 19]},
			"faces": {
				"north": {"uv": [9, 1.5, 10.75, 7.5], "texture": "#0"},
				"east": {"uv": [11, 1.5, 9, 7.5], "texture": "#0"},
				"south": {"uv": [9, 1.5, 10.75, 7.5], "texture": "#0"},
				"west": {"uv": [9, 1.5, 11, 7.5], "texture": "#0"},
				"up": {"uv": [9, 3.5, 11, 5.25], "rotation": 270, "texture": "#0"},
				"down": {"uv": [0, 0, 2, 1.75], "rotation": 90, "texture": "#missing"}
			}
		},
		{
			"from": [13.5, 12.5, 8],
			"to": [15, 13.5, 9],
			"rotation": {"angle": 0, "axis": "y", "origin": [8, 0, 19]},
			"faces": {
				"north": {"uv": [9, 3.5, 7.5, 4.5], "texture": "#0"},
				"east": {"uv": [9, 2.5, 8, 3.5], "texture": "#0"},
				"south": {"uv": [0, 0, 1.5, 1], "texture": "#missing"},
				"west": {"uv": [8, 2.5, 9, 3.5], "texture": "#0"},
				"up": {"uv": [8, 2.5, 9, 4], "rotation": 270, "texture": "#0"},
				"down": {"uv": [0, 0, 1, 1.5], "rotation": 90, "texture": "#missing"}
			}
		},
		{
			"from": [13.5, 11.5, 7.5],
			"to": [15, 12.5, 9],
			"rotation": {"angle": 0, "axis": "y", "origin": [8, 0, 19]},
			"faces": {
				"north": {"uv": [9, 3.5, 7.5, 4.5], "texture": "#0"},
				"east": {"uv": [9, 3.5, 7.5, 4.5], "texture": "#0"},
				"south": {"uv": [0, 0, 1.5, 1], "texture": "#missing"},
				"west": {"uv": [7.5, 3.5, 9, 4.5], "texture": "#0"},
				"up": {"uv": [7.5, 3.5, 9, 4.5], "rotation": 270, "texture": "#0"},
				"down": {"uv": [7.5, 3.5, 9, 4.5], "rotation": 90, "texture": "#0"}
			}
		},
		{
			"from": [13.5, 10.5, 7],
			"to": [15, 11.5, 8.5],
			"rotation": {"angle": 0, "axis": "y", "origin": [8, 0, 19]},
			"faces": {
				"north": {"uv": [7, 4.5, 8.5, 5.5], "texture": "#0"},
				"east": {"uv": [8.5, 4.5, 7, 5.5], "texture": "#0"},
				"south": {"uv": [7, 4.5, 8.5, 5.5], "texture": "#0"},
				"west": {"uv": [7, 4.5, 8.5, 5.5], "texture": "#0"},
				"up": {"uv": [7, 4.5, 8.5, 5.5], "rotation": 270, "texture": "#0"},
				"down": {"uv": [7, 4.5, 8.5, 5.5], "rotation": 90, "texture": "#0"}
			}
		},
		{
			"from": [13.5, 9.5, 7.5],
			"to": [15, 10.5, 8],
			"rotation": {"angle": 0, "axis": "y", "origin": [8, 0, 19]},
			"faces": {
				"north": {"uv": [0, 0, 1.5, 1], "texture": "#missing"},
				"east": {"uv": [7.5, 5.5, 8, 6.5], "texture": "#0"},
				"south": {"uv": [8, 5.5, 6.5, 6.5], "texture": "#0"},
				"west": {"uv": [7.5, 5.5, 8, 6.5], "texture": "#0"},
				"up": {"uv": [0, 0, 0.5, 1.5], "rotation": 270, "texture": "#missing"},
				"down": {"uv": [7, 5.5, 7.5, 7], "rotation": 90, "texture": "#0"}
			}
		},
		{
			"from": [13.5, 8.5, 6.5],
			"to": [15, 10.5, 7.5],
			"rotation": {"angle": 0, "axis": "y", "origin": [8, 0, 19]},
			"faces": {
				"north": {"uv": [0, 0, 1.5, 2], "texture": "#missing"},
				"east": {"uv": [7.5, 5.5, 6.5, 7.5], "texture": "#0"},
				"south": {"uv": [6.5, 5.5, 7.5, 7.5], "texture": "#0"},
				"west": {"uv": [6.5, 5.5, 7.5, 7.5], "texture": "#0"},
				"up": {"uv": [6.5, 5.5, 7.5, 7], "rotation": 270, "texture": "#0"},
				"down": {"uv": [0, 0, 1, 1.5], "rotation": 90, "texture": "#missing"}
			}
		},
		{
			"from": [13, 8.5, 5.5],
			"to": [15, 12.5, 6.5],
			"rotation": {"angle": 0, "axis": "y", "origin": [8, 0, 19]},
			"faces": {
				"north": {"uv": [5.5, 3.5, 6.5, 7.5], "texture": "#0"},
				"east": {"uv": [5.5, 3.5, 6.5, 7.5], "texture": "#0"},
				"south": {"uv": [5.5, 3.5, 6.5, 7.5], "texture": "#0"},
				"west": {"uv": [5.5, 3.5, 6.5, 7.5], "texture": "#0"},
				"up": {"uv": [5.5, 3.5, 6.5, 5.5], "rotation": 270, "texture": "#0"},
				"down": {"uv": [0, 0, 1, 2], "rotation": 90, "texture": "#missing"}
			}
		},
		{
			"from": [14, 8.5, 3.5],
			"to": [15, 14, 5.5],
			"rotation": {"angle": 0, "axis": "y", "origin": [8, 0, 19]},
			"faces": {
				"north": {"uv": [3.5, 2, 4.5, 7.5], "texture": "#0"},
				"east": {"uv": [5.5, 2, 3.5, 7.5], "texture": "#0"},
				"south": {"uv": [3.5, 2, 4.5, 7.5], "texture": "#0"},
				"west": {"uv": [3.5, 2, 5.5, 7.5], "texture": "#0"},
				"up": {"uv": [5.5, 2, 3.5, 3], "rotation": 270, "texture": "#0"},
				"down": {"uv": [0, 0, 2, 1], "rotation": 90, "texture": "#missing"}
			}
		},
		{
			"from": [13.75, 10, 3],
			"to": [15, 12.5, 3.5],
			"rotation": {"angle": 0, "axis": "y", "origin": [8, 0, 19]},
			"faces": {
				"north": {"uv": [0, 0, 1.25, 2.5], "texture": "#missing"},
				"east": {"uv": [3, 3.5, 3.5, 6], "texture": "#0"},
				"south": {"uv": [2, 3, 3, 5.5], "texture": "#0"},
				"west": {"uv": [3, 3.5, 3.5, 6], "texture": "#0"},
				"up": {"uv": [3, 3.5, 3.5, 4.75], "rotation": 270, "texture": "#0"},
				"down": {"uv": [3, 3.5, 3.5, 4.75], "rotation": 90, "texture": "#0"}
			}
		},
		{
			"from": [13.75, 8.5, 2],
			"to": [15, 13, 3],
			"rotation": {"angle": 0, "axis": "y", "origin": [8, 0, 19]},
			"faces": {
				"north": {"uv": [2, 3, 3, 7.5], "texture": "#0"},
				"east": {"uv": [3, 3, 2, 7.5], "texture": "#0"},
				"south": {"uv": [2, 3, 3, 7.5], "texture": "#0"},
				"west": {"uv": [2, 3, 3, 7.5], "texture": "#0"},
				"up": {"uv": [2, 3, 3, 4.25], "rotation": 270, "texture": "#0"},
				"down": {"uv": [0, 0, 1, 1.25], "rotation": 90, "texture": "#missing"}
			}
		},
		{
			"from": [13.75, 9, 1.5],
			"to": [15, 11.5, 2],
			"rotation": {"angle": 0, "axis": "y", "origin": [8, 0, 19]},
			"faces": {
				"north": {"uv": [2, 3, 3.25, 5.5], "texture": "#0"},
				"east": {"uv": [1.5, 4.5, 2, 7], "texture": "#0"},
				"south": {"uv": [0, 0, 1.25, 2.5], "texture": "#missing"},
				"west": {"uv": [1.5, 4.5, 2, 7], "texture": "#0"},
				"up": {"uv": [1.5, 4.5, 2, 5.75], "rotation": 270, "texture": "#0"},
				"down": {"uv": [1.5, 4.5, 2, 5.75], "rotation": 90, "texture": "#0"}
			}
		},
		{
			"from": [1, 0.5, 12.5],
			"to": [2, 5, 13.5],
			"rotation": {"angle": 0, "axis": "y", "origin": [2, 2, 9]},
			"faces": {
				"north": {"uv": [0, 0, 1, 4.5], "texture": "#missing"},
				"east": {"uv": [2.5, 11, 3.5, 15.5], "texture": "#0"},
				"south": {"uv": [0, 0, 1, 4.5], "texture": "#missing"},
				"west": {"uv": [2.5, 11, 3.5, 15.5], "texture": "#0"},
				"up": {"uv": [2.5, 13.5, 3.5, 14.5], "rotation": 90, "texture": "#0"},
				"down": {"uv": [0, 0, 1, 1], "rotation": 270, "texture": "#missing"}
			}
		},
		{
			"from": [0.5, 0.5, 10.5],
			"to": [2, 6, 12.5],
			"rotation": {"angle": 0, "axis": "y", "origin": [2, 2, 9]},
			"faces": {
				"north": {"uv": [0, 0, 1.5, 5.5], "texture": "#missing"},
				"east": {"uv": [3.5, 10, 5.5, 15.5], "texture": "#0"},
				"south": {"uv": [3.5, 10, 5, 15.5], "texture": "#0"},
				"west": {"uv": [3.5, 10, 5.5, 15.5], "texture": "#0"},
				"up": {"uv": [3.5, 12.5, 5.5, 14], "rotation": 90, "texture": "#0"},
				"down": {"uv": [0, 0, 2, 1.5], "rotation": 270, "texture": "#missing"}
			}
		},
		{
			"from": [0, 0.5, 8],
			"to": [2, 7, 10.5],
			"rotation": {"angle": 0, "axis": "y", "origin": [2, 2, 9]},
			"faces": {
				"north": {"uv": [6, 9, 8, 15.5], "texture": "#0"},
				"east": {"uv": [5.5, 9, 8, 15.5], "texture": "#0"},
				"south": {"uv": [5.5, 9, 7.5, 15.5], "texture": "#0"},
				"west": {"uv": [8, 9, 5.5, 15.5], "texture": "#0"},
				"up": {"uv": [5.5, 10.5, 8, 12.5], "rotation": 90, "texture": "#0"},
				"down": {"uv": [0, 0, 2.5, 2], "rotation": 270, "texture": "#missing"}
			}
		},
		{
			"from": [1, 5.5, 6.5],
			"to": [2, 6, 8],
			"rotation": {"angle": 0, "axis": "y", "origin": [2, 2, 9]},
			"faces": {
				"north": {"uv": [8.5, 10.5, 9.5, 11], "texture": "#0"},
				"east": {"uv": [8, 10, 9.5, 10.5], "texture": "#0"},
				"south": {"uv": [0, 0, 1, 0.5], "texture": "#missing"},
				"west": {"uv": [8, 10, 9.5, 10.5], "texture": "#0"},
				"up": {"uv": [8, 10.5, 9.5, 11.5], "rotation": 90, "texture": "#0"},
				"down": {"uv": [0, 0, 1.5, 1], "rotation": 270, "texture": "#missing"}
			}
		},
		{
			"from": [1, 6, 6.5],
			"to": [2, 6.5, 7.5],
			"rotation": {"angle": 0, "axis": "y", "origin": [2, 2, 9]},
			"faces": {
				"north": {"uv": [8.5, 10.5, 9.5, 11], "texture": "#0"},
				"east": {"uv": [8.5, 9.5, 9.5, 10], "texture": "#0"},
				"south": {"uv": [8.5, 10, 9.5, 10.5], "texture": "#0"},
				"west": {"uv": [9.5, 9.5, 8.5, 10], "texture": "#0"},
				"up": {"uv": [8.5, 10, 9.5, 11], "rotation": 90, "texture": "#0"},
				"down": {"uv": [0, 0, 1, 1], "rotation": 270, "texture": "#missing"}
			}
		},
		{
			"from": [1, 4.5, 6],
			"to": [2, 5.5, 8],
			"rotation": {"angle": 0, "axis": "y", "origin": [2, 2, 9]},
			"faces": {
				"north": {"uv": [9.5, 11.5, 10.5, 12.5], "texture": "#0"},
				"east": {"uv": [8, 10.5, 10, 11.5], "texture": "#0"},
				"south": {"uv": [0, 0, 1, 1], "texture": "#missing"},
				"west": {"uv": [10, 10.5, 8, 11.5], "texture": "#0"},
				"up": {"uv": [8, 10.5, 10, 11.5], "rotation": 90, "texture": "#0"},
				"down": {"uv": [8, 10.5, 10, 11.5], "rotation": 270, "texture": "#0"}
			}
		},
		{
			"from": [1, 2.5, 6.5],
			"to": [2, 3.5, 7],
			"rotation": {"angle": 0, "axis": "y", "origin": [2, 2, 9]},
			"faces": {
				"north": {"uv": [0, 0, 1, 1], "texture": "#missing"},
				"east": {"uv": [9, 12.5, 9.5, 13.5], "texture": "#0"},
				"south": {"uv": [10, 12.5, 11, 13.5], "texture": "#0"},
				"west": {"uv": [9, 12.5, 9.5, 13.5], "texture": "#0"},
				"up": {"uv": [0, 0, 0.5, 1], "rotation": 90, "texture": "#missing"},
				"down": {"uv": [9, 12.5, 9.5, 13.5], "rotation": 270, "texture": "#0"}
			}
		},
		{
			"from": [1, 3.5, 5.5],
			"to": [2, 4.5, 7.5],
			"rotation": {"angle": 0, "axis": "y", "origin": [2, 2, 9]},
			"faces": {
				"north": {"uv": [9.5, 11.5, 10.5, 12.5], "texture": "#0"},
				"east": {"uv": [8.5, 11.5, 10.5, 12.5], "texture": "#0"},
				"south": {"uv": [8.5, 10.5, 9.5, 11.5], "texture": "#0"},
				"west": {"uv": [10.5, 11.5, 8.5, 12.5], "texture": "#0"},
				"up": {"uv": [8.5, 11.5, 10.5, 12.5], "rotation": 90, "texture": "#0"},
				"down": {"uv": [9, 12.5, 11, 13.5], "rotation": 270, "texture": "#0"}
			}
		},
		{
			"from": [1, 1.5, 6],
			"to": [2, 3.5, 6.5],
			"rotation": {"angle": 0, "axis": "y", "origin": [2, 2, 9]},
			"faces": {
				"north": {"uv": [0, 0, 1, 2], "texture": "#missing"},
				"east": {"uv": [9.5, 12.5, 10, 14.5], "texture": "#0"},
				"south": {"uv": [9.5, 12.5, 10.5, 14.5], "texture": "#0"},
				"west": {"uv": [9.5, 12.5, 10, 14.5], "texture": "#0"},
				"up": {"uv": [0, 0, 0.5, 1], "rotation": 90, "texture": "#missing"},
				"down": {"uv": [9.5, 12, 10, 13], "rotation": 270, "texture": "#0"}
			}
		},
		{
			"from": [1, 0.5, 5],
			"to": [2, 3.5, 6],
			"rotation": {"angle": 0, "axis": "y", "origin": [2, 2, 9]},
			"faces": {
				"north": {"uv": [10, 12.5, 11, 15.5], "texture": "#0"},
				"east": {"uv": [10, 12.5, 11, 15.5], "texture": "#0"},
				"south": {"uv": [10, 12.5, 11, 15.5], "texture": "#0"},
				"west": {"uv": [11, 12.5, 10, 15.5], "texture": "#0"},
				"up": {"uv": [10, 12.5, 11, 13.5], "rotation": 90, "texture": "#0"},
				"down": {"uv": [0, 0, 1, 1], "rotation": 270, "texture": "#missing"}
			}
		},
		{
			"from": [1, 1, 4.5],
			"to": [2, 2.5, 5],
			"rotation": {"angle": 0, "axis": "y", "origin": [2, 2, 9]},
			"faces": {
				"north": {"uv": [0, 0, 1, 1.5], "texture": "#missing"},
				"east": {"uv": [11, 13.5, 11.5, 15], "texture": "#0"},
				"south": {"uv": [0, 0, 1, 1.5], "texture": "#missing"},
				"west": {"uv": [11, 13.5, 11.5, 15], "texture": "#0"},
				"up": {"uv": [11, 13.5, 11.5, 14.5], "rotation": 90, "texture": "#0"},
				"down": {"uv": [10.5, 14, 11, 15], "rotation": 270, "texture": "#0"}
			}
		},
		{
			"from": [0.5, 0.5, 2.5],
			"to": [2, 6, 4.5],
			"rotation": {"angle": 0, "axis": "y", "origin": [2, 2, 9]},
			"faces": {
				"north": {"uv": [11.5, 10, 13, 15.5], "texture": "#0"},
				"east": {"uv": [11.5, 10, 13.5, 15.5], "texture": "#0"},
				"south": {"uv": [11.5, 10, 12.5, 15.5], "texture": "#0"},
				"west": {"uv": [13.5, 10, 11.5, 15.5], "texture": "#0"},
				"up": {"uv": [11.5, 12, 13.5, 13.5], "rotation": 90, "texture": "#0"},
				"down": {"uv": [0, 0, 2, 1.5], "rotation": 270, "texture": "#missing"}
			}
		},
		{
			"from": [1, 8.5, 1.5],
			"to": [2, 15.5, 4],
			"rotation": {"angle": 0, "axis": "y", "origin": [2, 2, 9]},
			"faces": {
				"north": {"uv": [12, 1, 13, 7.5], "texture": "#0"},
				"east": {"uv": [12, 1, 14.5, 7.5], "texture": "#0"},
				"south": {"uv": [12, 1, 13, 7.5], "texture": "#0"},
				"west": {"uv": [12, 1, 14.5, 7.5], "texture": "#0"},
				"up": {"uv": [12, 1, 14.5, 2], "rotation": 90, "texture": "#0"},
				"down": {"uv": [0, 0, 2, 1], "rotation": 270, "texture": "#missing"}
			}
		},
		{
			"from": [1.5, 8.5, 4],
			"to": [2.5, 13, 5],
			"rotation": {"angle": 0, "axis": "y", "origin": [2, 2, 9]},
			"faces": {
				"north": {"uv": [0, 0, 1, 4.5], "texture": "#missing"},
				"east": {"uv": [11, 3, 12, 7.5], "texture": "#0"},
				"south": {"uv": [0, 0, 1, 4.5], "texture": "#missing"},
				"west": {"uv": [12, 3, 11, 7.5], "texture": "#0"},
				"up": {"uv": [11, 6.5, 12, 7.5], "rotation": 90, "texture": "#0"},
				"down": {"uv": [0, 0, 1, 1], "rotation": 270, "texture": "#missing"}
			}
		},
		{
			"from": [1, 8.5, 5],
			"to": [2.75, 14.5, 7],
			"rotation": {"angle": 0, "axis": "y", "origin": [2, 2, 9]},
			"faces": {
				"north": {"uv": [9, 1.5, 10.75, 7.5], "texture": "#0"},
				"east": {"uv": [9, 1.5, 11, 7.5], "texture": "#0"},
				"south": {"uv": [9, 1.5, 10.75, 7.5], "texture": "#0"},
				"west": {"uv": [11, 1.5, 9, 7.5], "texture": "#0"},
				"up": {"uv": [9, 3.5, 11, 5.25], "rotation": 90, "texture": "#0"},
				"down": {"uv": [0, 0, 2, 1.75], "rotation": 270, "texture": "#missing"}
			}
		},
		{
			"from": [0.5, 12.5, 7],
			"to": [2, 13.5, 8],
			"rotation": {"angle": 0, "axis": "y", "origin": [2, 2, 9]},
			"faces": {
				"north": {"uv": [7.5, 3.5, 9, 4.5], "texture": "#0"},
				"east": {"uv": [8, 2.5, 9, 3.5], "texture": "#0"},
				"south": {"uv": [9, 3.5, 7.5, 4.5], "texture": "#0"},
				"west": {"uv": [9, 2.5, 8, 3.5], "texture": "#0"},
				"up": {"uv": [8, 2.5, 9, 4], "rotation": 90, "texture": "#0"},
				"down": {"uv": [0, 0, 1, 1.5], "rotation": 270, "texture": "#missing"}
			}
		},
		{
			"from": [0.5, 11.5, 7],
			"to": [2, 12.5, 8.5],
			"rotation": {"angle": 0, "axis": "y", "origin": [2, 2, 9]},
			"faces": {
				"north": {"uv": [7.5, 3.5, 9, 4.5], "texture": "#0"},
				"east": {"uv": [7.5, 3.5, 9, 4.5], "texture": "#0"},
				"south": {"uv": [9, 3.5, 7.5, 4.5], "texture": "#0"},
				"west": {"uv": [9, 3.5, 7.5, 4.5], "texture": "#0"},
				"up": {"uv": [7.5, 3.5, 9, 4.5], "rotation": 90, "texture": "#0"},
				"down": {"uv": [7.5, 3.5, 9, 4.5], "rotation": 270, "texture": "#0"}
			}
		},
		{
			"from": [0.5, 10.5, 7.5],
			"to": [2, 11.5, 9],
			"rotation": {"angle": 0, "axis": "y", "origin": [2, 2, 9]},
			"faces": {
				"north": {"uv": [7, 4.5, 8.5, 5.5], "texture": "#0"},
				"east": {"uv": [7, 4.5, 8.5, 5.5], "texture": "#0"},
				"south": {"uv": [7, 4.5, 8.5, 5.5], "texture": "#0"},
				"west": {"uv": [8.5, 4.5, 7, 5.5], "texture": "#0"},
				"up": {"uv": [7, 4.5, 8.5, 5.5], "rotation": 90, "texture": "#0"},
				"down": {"uv": [7, 4.5, 8.5, 5.5], "rotation": 270, "texture": "#0"}
			}
		},
		{
			"from": [0.5, 9.5, 8],
			"to": [2, 10.5, 8.5],
			"rotation": {"angle": 0, "axis": "y", "origin": [2, 2, 9]},
			"faces": {
				"north": {"uv": [8, 5.5, 6.5, 6.5], "texture": "#0"},
				"east": {"uv": [7.5, 5.5, 8, 6.5], "texture": "#0"},
				"south": {"uv": [0, 0, 1.5, 1], "texture": "#missing"},
				"west": {"uv": [7.5, 5.5, 8, 6.5], "texture": "#0"},
				"up": {"uv": [0, 0, 0.5, 1.5], "rotation": 90, "texture": "#missing"},
				"down": {"uv": [7, 5.5, 7.5, 7], "rotation": 270, "texture": "#0"}
			}
		},
		{
			"from": [0.5, 8.5, 8.5],
			"to": [2, 10.5, 9.5],
			"rotation": {"angle": 0, "axis": "y", "origin": [2, 2, 9]},
			"faces": {
				"north": {"uv": [6.5, 5.5, 7.5, 7.5], "texture": "#0"},
				"east": {"uv": [6.5, 5.5, 7.5, 7.5], "texture": "#0"},
				"south": {"uv": [0, 0, 1.5, 2], "texture": "#missing"},
				"west": {"uv": [7.5, 5.5, 6.5, 7.5], "texture": "#0"},
				"up": {"uv": [6.5, 5.5, 7.5, 7], "rotation": 90, "texture": "#0"},
				"down": {"uv": [0, 0, 1, 1.5], "rotation": 270, "texture": "#missing"}
			}
		},
		{
			"from": [0, 8.5, 9.5],
			"to": [2, 12.5, 10.5],
			"rotation": {"angle": 0, "axis": "y", "origin": [2, 2, 9]},
			"faces": {
				"north": {"uv": [5.5, 3.5, 6.5, 7.5], "texture": "#0"},
				"east": {"uv": [5.5, 3.5, 6.5, 7.5], "texture": "#0"},
				"south": {"uv": [5.5, 3.5, 6.5, 7.5], "texture": "#0"},
				"west": {"uv": [5.5, 3.5, 6.5, 7.5], "texture": "#0"},
				"up": {"uv": [5.5, 3.5, 6.5, 5.5], "rotation": 90, "texture": "#0"},
				"down": {"uv": [0, 0, 1, 2], "rotation": 270, "texture": "#missing"}
			}
		},
		{
			"from": [1, 8.5, 10.5],
			"to": [2, 14, 12.5],
			"rotation": {"angle": 0, "axis": "y", "origin": [2, 2, 9]},
			"faces": {
				"north": {"uv": [3.5, 2, 4.5, 7.5], "texture": "#0"},
				"east": {"uv": [3.5, 2, 5.5, 7.5], "texture": "#0"},
				"south": {"uv": [3.5, 2, 4.5, 7.5], "texture": "#0"},
				"west": {"uv": [5.5, 2, 3.5, 7.5], "texture": "#0"},
				"up": {"uv": [3.5, 2, 5.5, 3], "rotation": 90, "texture": "#0"},
				"down": {"uv": [0, 0, 2, 1], "rotation": 270, "texture": "#missing"}
			}
		},
		{
			"from": [1, 10, 12.5],
			"to": [2.25, 12.5, 13],
			"rotation": {"angle": 0, "axis": "y", "origin": [2, 2, 9]},
			"faces": {
				"north": {"uv": [2, 3, 3, 5.5], "texture": "#0"},
				"east": {"uv": [3, 3.5, 3.5, 6], "texture": "#0"},
				"south": {"uv": [0, 0, 1.25, 2.5], "texture": "#missing"},
				"west": {"uv": [3, 3.5, 3.5, 6], "texture": "#0"},
				"up": {"uv": [3, 3.5, 3.5, 4.75], "rotation": 90, "texture": "#0"},
				"down": {"uv": [3, 3.5, 3.5, 4.75], "rotation": 270, "texture": "#0"}
			}
		},
		{
			"from": [1, 8.5, 13],
			"to": [2.25, 13, 14],
			"rotation": {"angle": 0, "axis": "y", "origin": [2, 2, 9]},
			"faces": {
				"north": {"uv": [2, 3, 3, 7.5], "texture": "#0"},
				"east": {"uv": [2, 3, 3, 7.5], "texture": "#0"},
				"south": {"uv": [2, 3, 3, 7.5], "texture": "#0"},
				"west": {"uv": [3, 3, 2, 7.5], "texture": "#0"},
				"up": {"uv": [2, 3, 3, 4.25], "rotation": 90, "texture": "#0"},
				"down": {"uv": [0, 0, 1, 1.25], "rotation": 270, "texture": "#missing"}
			}
		},
		{
			"from": [1, 9, 14],
			"to": [2.25, 11.5, 14.5],
			"rotation": {"angle": 0, "axis": "y", "origin": [2, 2, 9]},
			"faces": {
				"north": {"uv": [0, 0, 1.25, 2.5], "texture": "#missing"},
				"east": {"uv": [1.5, 4.5, 2, 7], "texture": "#0"},
				"south": {"uv": [2, 3, 3.25, 5.5], "texture": "#0"},
				"west": {"uv": [1.5, 4.5, 2, 7], "texture": "#0"},
				"up": {"uv": [1.5, 4.5, 2, 5.75], "rotation": 90, "texture": "#0"},
				"down": {"uv": [1.5, 4.5, 2, 5.75], "rotation": 270, "texture": "#0"}
			}
		},
		{
			"from": [14, 9, 0.75],
			"to": [14.5, 11.5, 2],
			"faces": {
				"north": {"uv": [1.5, 4.5, 2, 7], "texture": "#0"},
				"east": {"uv": [2, 3, 3.25, 5.5], "texture": "#0"},
				"south": {"uv": [1.5, 4.5, 2, 7], "texture": "#0"},
				"west": {"uv": [0, 0, 1.25, 2.5], "texture": "#missing"},
				"up": {"uv": [1.5, 4.5, 2, 5.75], "texture": "#0"},
				"down": {"uv": [1.5, 4.5, 2, 5.75], "texture": "#0"}
			}
		},
		{
			"from": [12.5, 10, 0.75],
			"to": [13, 12.5, 2],
			"faces": {
				"north": {"uv": [3, 3.5, 3.5, 6], "texture": "#0"},
				"east": {"uv": [0, 0, 1.25, 2.5], "texture": "#missing"},
				"south": {"uv": [0, 0, 0.5, 2.5], "texture": "#missing"},
				"west": {"uv": [2, 3, 3, 5.5], "texture": "#0"},
				"up": {"uv": [3, 3.5, 3.5, 4.75], "texture": "#0"},
				"down": {"uv": [3, 3.5, 3.5, 4.75], "texture": "#0"}
			}
		},
		{
			"from": [13, 8.5, 0.75],
			"to": [14, 13, 2],
			"faces": {
				"north": {"uv": [2, 3, 3, 7.5], "texture": "#0"},
				"east": {"uv": [2, 3, 3, 7.5], "texture": "#0"},
				"south": {"uv": [0, 0, 1, 4.5], "texture": "#missing"},
				"west": {"uv": [2, 3, 3, 7.5], "texture": "#0"},
				"up": {"uv": [2, 3, 3, 4.25], "texture": "#0"},
				"down": {"uv": [0, 0, 1, 1.25], "texture": "#missing"}
			}
		},
		{
			"from": [10.5, 8.5, 1],
			"to": [12.5, 14, 2],
			"faces": {
				"north": {"uv": [3.5, 2, 5.5, 7.5], "texture": "#0"},
				"east": {"uv": [3.5, 2, 4.5, 7.5], "texture": "#0"},
				"south": {"uv": [0, 0, 2, 5.5], "texture": "#missing"},
				"west": {"uv": [3.5, 2, 4.5, 7.5], "texture": "#0"},
				"up": {"uv": [3.5, 2, 5.5, 3], "texture": "#0"},
				"down": {"uv": [0, 0, 2, 1], "texture": "#missing"}
			}
		},
		{
			"from": [9.5, 8.5, 0],
			"to": [10.5, 12.5, 2],
			"faces": {
				"north": {"uv": [5.5, 3.5, 6.5, 7.5], "texture": "#0"},
				"east": {"uv": [5.5, 3.5, 6.5, 7.5], "texture": "#0"},
				"south": {"uv": [0, 0, 1, 4], "texture": "#missing"},
				"west": {"uv": [5.5, 3.5, 6.5, 7.5], "texture": "#0"},
				"up": {"uv": [5.5, 3.5, 6.5, 5.5], "texture": "#0"},
				"down": {"uv": [0, 0, 1, 2], "texture": "#missing"}
			}
		},
		{
			"from": [8.5, 8.5, 0.5],
			"to": [9.5, 10.5, 2],
			"faces": {
				"north": {"uv": [6.5, 5.5, 7.5, 7.5], "texture": "#0"},
				"east": {"uv": [0, 0, 1.5, 2], "texture": "#missing"},
				"south": {"uv": [0, 0, 1, 2], "texture": "#missing"},
				"west": {"uv": [6.5, 5.5, 7.5, 7.5], "texture": "#0"},
				"up": {"uv": [6.5, 5.5, 7.5, 7], "texture": "#0"},
				"down": {"uv": [0, 0, 1, 1.5], "texture": "#missing"}
			}
		},
		{
			"from": [8, 9.5, 0.5],
			"to": [8.5, 10.5, 2],
			"faces": {
				"north": {"uv": [7.5, 5.5, 8, 6.5], "texture": "#0"},
				"east": {"uv": [0, 0, 1.5, 1], "texture": "#missing"},
				"south": {"uv": [0, 0, 0.5, 1], "texture": "#missing"},
				"west": {"uv": [8, 5.5, 6.5, 6.5], "texture": "#0"},
				"up": {"uv": [0, 0, 0.5, 1.5], "texture": "#missing"},
				"down": {"uv": [7, 5.5, 7.5, 7], "texture": "#0"}
			}
		},
		{
			"from": [7.5, 10.5, 0.5],
			"to": [9, 11.5, 2],
			"faces": {
				"north": {"uv": [7, 4.5, 8.5, 5.5], "texture": "#0"},
				"east": {"uv": [7, 4.5, 8.5, 5.5], "texture": "#0"},
				"south": {"uv": [0, 0, 1.5, 1], "texture": "#missing"},
				"west": {"uv": [7, 4.5, 8.5, 5.5], "texture": "#0"},
				"up": {"uv": [7, 4.5, 8.5, 5.5], "texture": "#0"},
				"down": {"uv": [7, 4.5, 8.5, 5.5], "texture": "#0"}
			}
		},
		{
			"from": [7, 11.5, 0.5],
			"to": [8.5, 12.5, 2],
			"faces": {
				"north": {"uv": [7.5, 3.5, 9, 4.5], "texture": "#0"},
				"east": {"uv": [9, 3.5, 7.5, 4.5], "texture": "#0"},
				"south": {"uv": [0, 0, 1.5, 1], "texture": "#missing"},
				"west": {"uv": [0, 0, 1.5, 1], "texture": "#missing"},
				"up": {"uv": [7.5, 3.5, 9, 4.5], "texture": "#0"},
				"down": {"uv": [7.5, 3.5, 9, 4.5], "texture": "#0"}
			}
		},
		{
			"from": [7, 12.5, 0.5],
			"to": [8, 13.5, 2],
			"faces": {
				"north": {"uv": [8, 2.5, 9, 3.5], "texture": "#0"},
				"east": {"uv": [9, 3.5, 7.5, 4.5], "texture": "#0"},
				"south": {"uv": [0, 0, 1, 1], "texture": "#missing"},
				"west": {"uv": [0, 0, 1.5, 1], "texture": "#missing"},
				"up": {"uv": [8, 2.5, 9, 4], "texture": "#0"},
				"down": {"uv": [0, 0, 1, 1.5], "texture": "#missing"}
			}
		},
		{
			"from": [5, 8.5, 0.25],
			"to": [7, 14.5, 2],
			"faces": {
				"north": {"uv": [9, 1.5, 11, 7.5], "texture": "#0"},
				"east": {"uv": [9, 1.5, 10.75, 7.5], "texture": "#0"},
				"south": {"uv": [0, 0, 2, 6], "texture": "#missing"},
				"west": {"uv": [9, 1.5, 10.75, 7.5], "texture": "#0"},
				"up": {"uv": [9, 3.5, 11, 5.25], "texture": "#0"},
				"down": {"uv": [0, 0, 2, 1.75], "texture": "#missing"}
			}
		},
		{
			"from": [4, 8.5, 1],
			"to": [5, 13, 2],
			"faces": {
				"north": {"uv": [11, 3, 12, 7.5], "texture": "#0"},
				"east": {"uv": [0, 0, 1, 4.5], "texture": "#missing"},
				"south": {"uv": [0, 0, 1, 4.5], "texture": "#missing"},
				"west": {"uv": [0, 0, 1, 4.5], "texture": "#missing"},
				"up": {"uv": [11, 6.5, 12, 7.5], "texture": "#0"},
				"down": {"uv": [0, 0, 1, 1], "texture": "#missing"}
			}
		},
		{
			"from": [1.5, 8.5, 1],
			"to": [4, 15.5, 2],
			"faces": {
				"north": {"uv": [12, 1, 14.5, 7.5], "texture": "#0"},
				"east": {"uv": [12, 1, 13, 7.5], "texture": "#0"},
				"south": {"uv": [12, 1, 14.5, 7.5], "texture": "#0"},
				"west": {"uv": [12, 1, 13, 7.5], "texture": "#0"},
				"up": {"uv": [12, 1, 14.5, 2], "texture": "#0"},
				"down": {"uv": [0, 0, 2, 1], "texture": "#missing"}
			}
		},
		{
			"from": [0.5, 8.5, 0.5],
			"to": [1.5, 15.5, 1.5],
			"faces": {
				"north": {"uv": [14.5, 2.5, 15.5, 7.5], "texture": "#0"},
				"east": {"uv": [14.5, 2.5, 15.5, 7.5], "texture": "#0"},
				"south": {"uv": [14.5, 2.5, 15.5, 7.5], "texture": "#0"},
				"west": {"uv": [14.5, 2.5, 15.5, 7.5], "texture": "#0"},
				"up": {"uv": [14.5, 3, 15.5, 4], "texture": "#0"},
				"down": {"uv": [0, 0, 1, 1], "texture": "#missing"}
			}
		}
	],
	"display": {
		"thirdperson_righthand": {
			"rotation": [75, 45, 0],
			"translation": [0, 2.5, 0],
			"scale": [0.375, 0.375, 0.375]
		},
		"thirdperson_lefthand": {
			"rotation": [75, 45, 0],
			"translation": [0, 2.5, 0],
			"scale": [0.375, 0.375, 0.375]
		},
		"firstperson_righthand": {
			"rotation": [0, 45, 0],
			"scale": [0.4, 0.4, 0.4]
		},
		"firstperson_lefthand": {
			"rotation": [0, 225, 0],
			"scale": [0.4, 0.4, 0.4]
		},
		"ground": {
			"translation": [0, 3, 0],
			"scale": [0.25, 0.25, 0.25]
		},
		"gui": {
			"rotation": [30, 225, 0],
			"scale": [0.625, 0.625, 0.625]
		},
		"fixed": {
			"scale": [0.5, 0.5, 0.5]
		}
	},
	"groups": [
		{
			"name": "group",
			"origin": [8, 8, 8],
			"color": 0,
			"children": [
				0,
				1,
				2,
				3,
				4,
				5,
				6,
				7,
				8,
				9,
				10,
				11,
				12,
				13,
				14,
				15,
				16,
				17,
				18,
				19,
				20,
				21,
				22,
				23,
				24,
				25,
				26,
				27,
				28,
				29,
				30,
				31,
				32,
				33,
				34,
				35,
				36,
				37,
				38,
				39,
				40,
				41,
				42,
				43,
				44,
				45,
				46,
				47,
				48,
				49,
				50,
				51,
				52,
				53,
				54,
				55,
				56,
				57,
				58,
				59,
				60,
				61,
				62,
				63,
				64,
				65,
				66,
				67,
				68,
				69,
				70,
				71,
				72,
				73,
				74,
				75,
				76,
				77,
				78,
				79,
				80,
				81,
				82,
				83,
				84,
				85,
				86,
				87,
				88,
				89,
				90,
				91,
				92,
				93,
				94,
				95,
				96,
				97,
				98,
				99,
				100,
				101,
				102,
				103,
				104,
				105,
				106,
				107,
				108,
				109,
				110,
				111,
				112,
				113,
				114,
				115,
				116,
				117,
				118,
				119,
				120,
				121,
				122,
				123,
				124,
				125,
				126,
				127,
				128,
				129,
				130
			]
		}
	]
}