{
	"credit": "Made with Blockbench",
	"parent": "block/block",
	"textures": {
		"down": "block/cactus_bottom",
		"up": "block/cactus_top",
		"particle": "block/cactus_side",
		"north": "block/cactus_side"
	},
	"elements": [
		{
			"from": [1, 0, 1],
			"to": [15, 16, 15],
			"faces": {
				"north": {"uv": [15, 0, 1, 16], "texture": "#north"},
				"east": {"uv": [15, 0, 1, 16], "texture": "#north"},
				"south": {"uv": [1, 0, 15, 16], "texture": "#north"},
				"west": {"uv": [1, 0, 15, 16], "texture": "#north"},
				"up": {"uv": [1, 1, 15, 15], "texture": "#up", "cullface": "up"},
				"down": {"uv": [1, 1, 15, 15], "texture": "#down", "cullface": "down"}
			}
		},
		{
			"from": [0.5, 13, 1],
			"to": [1, 13.5, 1.5],
			"faces": {
				"north": {"uv": [1, 12, 2, 12.5], "texture": "#north"},
				"south": {"uv": [1, 12, 2, 12.5], "texture": "#north"},
				"west": {"uv": [1.5, 12, 2, 12.5], "texture": "#north"},
				"up": {"uv": [1, 7.5, 2, 8], "texture": "#up"},
				"down": {"uv": [1, 7.5, 2, 8], "texture": "#up"}
			}
		},
		{
			"from": [1, 13, 0],
			"to": [1.5, 13.5, 1],
			"faces": {
				"north": {"uv": [1, 12, 2, 12.5], "texture": "#north", "cullface": "north"},
				"east": {"uv": [1.5, 12, 2, 12.5], "texture": "#north"},
				"west": {"uv": [1.5, 12, 2, 12.5], "texture": "#north"},
				"up": {"uv": [1, 7.5, 2, 8], "texture": "#up"},
				"down": {"uv": [1, 7.5, 2, 8], "texture": "#up"}
			}
		},
		{
			"from": [14.5, 13, 0],
			"to": [15, 13.5, 1],
			"faces": {
				"north": {"uv": [1, 12, 2, 12.5], "texture": "#north", "cullface": "north"},
				"east": {"uv": [1.5, 12, 2, 12.5], "texture": "#north"},
				"west": {"uv": [1.5, 12, 2, 12.5], "texture": "#north"},
				"up": {"uv": [1, 7.5, 2, 8], "texture": "#up"},
				"down": {"uv": [1, 7.5, 2, 8], "texture": "#up"}
			}
		},
		{
			"from": [1, 9, 0.5],
			"to": [1.5, 9.5, 1],
			"faces": {
				"north": {"uv": [1, 12, 2, 12.5], "texture": "#north"},
				"east": {"uv": [1.5, 12, 2, 12.5], "texture": "#north"},
				"west": {"uv": [1.5, 12, 2, 12.5], "texture": "#north"},
				"up": {"uv": [1, 7.5, 2, 8], "texture": "#up"},
				"down": {"uv": [1, 7.5, 2, 8], "texture": "#up"}
			}
		},
		{
			"from": [0, 9, 1],
			"to": [1, 9.5, 1.5],
			"faces": {
				"north": {"uv": [1, 12, 2, 12.5], "texture": "#north"},
				"south": {"uv": [1, 12, 2, 12.5], "texture": "#north"},
				"west": {"uv": [1.5, 12, 2, 12.5], "texture": "#north", "cullface": "west"},
				"up": {"uv": [1, 7.5, 2, 8], "texture": "#up"},
				"down": {"uv": [1, 7.5, 2, 8], "texture": "#up"}
			}
		},
		{
			"from": [0, 3.5, 1],
			"to": [1, 4, 1.5],
			"faces": {
				"north": {"uv": [1, 12, 2, 12.5], "texture": "#north"},
				"south": {"uv": [1, 12, 2, 12.5], "texture": "#north"},
				"west": {"uv": [1.5, 12, 2, 12.5], "texture": "#north", "cullface": "west"},
				"up": {"uv": [1, 7.5, 2, 8], "texture": "#up"},
				"down": {"uv": [1, 7.5, 2, 8], "texture": "#up"}
			}
		},
		{
			"from": [0.5, 3.5, 0],
			"to": [1, 4, 1],
			"faces": {
				"north": {"uv": [1, 12, 2, 12.5], "texture": "#north", "cullface": "north"},
				"east": {"uv": [1.5, 12, 2, 12.5], "texture": "#north"},
				"west": {"uv": [1.5, 12, 2, 12.5], "texture": "#north"},
				"up": {"uv": [1, 7.5, 2, 8], "texture": "#up"},
				"down": {"uv": [1, 7.5, 2, 8], "texture": "#up"}
			}
		},
		{
			"from": [0, 13.5, 14.5],
			"to": [1, 14, 15],
			"faces": {
				"north": {"uv": [1, 12, 2, 12.5], "texture": "#north"},
				"south": {"uv": [1, 12, 2, 12.5], "texture": "#north"},
				"west": {"uv": [1.5, 12, 2, 12.5], "texture": "#north", "cullface": "west"},
				"up": {"uv": [1, 7.5, 2, 8], "texture": "#up"},
				"down": {"uv": [1, 7.5, 2, 8], "texture": "#up"}
			}
		},
		{
			"from": [0.5, 13.5, 15],
			"to": [1, 14, 16],
			"faces": {
				"east": {"uv": [1.5, 12, 2, 12.5], "texture": "#north"},
				"south": {"uv": [1, 12, 2, 12.5], "texture": "#north", "cullface": "south"},
				"west": {"uv": [1.5, 12, 2, 12.5], "texture": "#north"},
				"up": {"uv": [1, 7.5, 2, 8], "texture": "#up"},
				"down": {"uv": [1, 7.5, 2, 8], "texture": "#up"}
			}
		},
		{
			"from": [0, 9, 14.5],
			"to": [1, 9.5, 15],
			"faces": {
				"north": {"uv": [1, 12, 2, 12.5], "texture": "#north"},
				"south": {"uv": [1, 12, 2, 12.5], "texture": "#north"},
				"west": {"uv": [1.5, 12, 2, 12.5], "texture": "#north", "cullface": "west"},
				"up": {"uv": [1, 7.5, 2, 8], "texture": "#up"},
				"down": {"uv": [1, 7.5, 2, 8], "texture": "#up"}
			}
		},
		{
			"from": [1, 9.5, 15],
			"to": [1.5, 10, 16],
			"faces": {
				"east": {"uv": [1.5, 12, 2, 12.5], "texture": "#north"},
				"south": {"uv": [1, 12, 2, 12.5], "texture": "#north", "cullface": "south"},
				"west": {"uv": [1.5, 12, 2, 12.5], "texture": "#north"},
				"up": {"uv": [1, 7.5, 2, 8], "texture": "#up"},
				"down": {"uv": [1, 7.5, 2, 8], "texture": "#up"}
			}
		},
		{
			"from": [1, 5, 14],
			"to": [1.5, 5.5, 16],
			"faces": {
				"north": {"uv": [1, 12, 2, 12.5], "texture": "#north"},
				"east": {"uv": [1.5, 12, 2, 12.5], "texture": "#north"},
				"south": {"uv": [1, 12, 2, 12.5], "texture": "#north", "cullface": "south"},
				"west": {"uv": [1.5, 12, 2, 12.5], "texture": "#north"},
				"up": {"uv": [1, 7.5, 2, 8], "texture": "#up"},
				"down": {"uv": [1, 7.5, 2, 8], "texture": "#up"}
			}
		},
		{
			"from": [0.5, 3.5, 14.5],
			"to": [1, 4, 15],
			"faces": {
				"north": {"uv": [1, 12, 2, 12.5], "texture": "#north"},
				"south": {"uv": [1, 12, 2, 12.5], "texture": "#north"},
				"west": {"uv": [1.5, 12, 2, 12.5], "texture": "#north"},
				"up": {"uv": [1, 7.5, 2, 8], "texture": "#up"},
				"down": {"uv": [1, 7.5, 2, 8], "texture": "#up"}
			}
		},
		{
			"from": [14.5, 5, 14],
			"to": [15, 5.5, 16],
			"faces": {
				"north": {"uv": [1, 12, 2, 12.5], "texture": "#north"},
				"east": {"uv": [1.5, 12, 2, 12.5], "texture": "#north"},
				"south": {"uv": [1, 12, 2, 12.5], "texture": "#north", "cullface": "south"},
				"west": {"uv": [1.5, 12, 2, 12.5], "texture": "#north"},
				"up": {"uv": [1, 7.5, 2, 8], "texture": "#up"},
				"down": {"uv": [1, 7.5, 2, 8], "texture": "#up"}
			}
		},
		{
			"from": [15, 13.5, 14],
			"to": [16, 14, 14.5],
			"faces": {
				"north": {"uv": [1, 12, 2, 12.5], "texture": "#north"},
				"east": {"uv": [1.5, 12, 2, 12.5], "texture": "#north", "cullface": "east"},
				"south": {"uv": [1, 12, 2, 12.5], "texture": "#north"},
				"up": {"uv": [1, 7.5, 2, 8], "texture": "#up"},
				"down": {"uv": [1, 7.5, 2, 8], "texture": "#up"}
			}
		},
		{
			"from": [15, 13.5, 15],
			"to": [15.5, 14, 16],
			"faces": {
				"north": {"uv": [1, 12, 2, 12.5], "texture": "#north"},
				"east": {"uv": [1.5, 12, 2, 12.5], "texture": "#north"},
				"south": {"uv": [1, 12, 2, 12.5], "texture": "#north", "cullface": "south"},
				"west": {"uv": [1.5, 12, 2, 12.5], "texture": "#north"},
				"up": {"uv": [1, 7.5, 2, 8], "texture": "#up"},
				"down": {"uv": [1, 7.5, 2, 8], "texture": "#up"}
			}
		},
		{
			"from": [14.5, 9.5, 15],
			"to": [15, 10, 16],
			"faces": {
				"east": {"uv": [1.5, 12, 2, 12.5], "texture": "#north"},
				"south": {"uv": [1, 12, 2, 12.5], "texture": "#north", "cullface": "south"},
				"west": {"uv": [1.5, 12, 2, 12.5], "texture": "#north"},
				"up": {"uv": [1, 7.5, 2, 8], "texture": "#up"},
				"down": {"uv": [1, 7.5, 2, 8], "texture": "#up"}
			}
		},
		{
			"from": [15, 9.5, 14],
			"to": [16, 10, 14.5],
			"faces": {
				"north": {"uv": [1, 12, 2, 12.5], "texture": "#north"},
				"east": {"uv": [1.5, 12, 2, 12.5], "texture": "#north", "cullface": "east"},
				"south": {"uv": [1, 12, 2, 12.5], "texture": "#north"},
				"up": {"uv": [1, 7.5, 2, 8], "texture": "#up"},
				"down": {"uv": [1, 7.5, 2, 8], "texture": "#up"}
			}
		},
		{
			"from": [14.5, 5, 14],
			"to": [15, 5.5, 16],
			"faces": {
				"north": {"uv": [1, 12, 2, 12.5], "texture": "#north"},
				"east": {"uv": [1.5, 12, 2, 12.5], "texture": "#north"},
				"south": {"uv": [1, 12, 2, 12.5], "texture": "#north", "cullface": "south"},
				"west": {"uv": [1.5, 12, 2, 12.5], "texture": "#north"},
				"up": {"uv": [1, 7.5, 2, 8], "texture": "#up"},
				"down": {"uv": [1, 7.5, 2, 8], "texture": "#up"}
			}
		},
		{
			"from": [15, 5, 14.5],
			"to": [16, 5.5, 15],
			"faces": {
				"north": {"uv": [1, 12, 2, 12.5], "texture": "#north"},
				"east": {"uv": [1.5, 12, 2, 12.5], "texture": "#north", "cullface": "east"},
				"south": {"uv": [1, 12, 2, 12.5], "texture": "#north"},
				"up": {"uv": [1, 7.5, 2, 8], "texture": "#up"},
				"down": {"uv": [1, 7.5, 2, 8], "texture": "#up"}
			}
		},
		{
			"from": [15, 5, 1],
			"to": [16, 5.5, 1.5],
			"faces": {
				"north": {"uv": [1, 12, 2, 12.5], "texture": "#north"},
				"east": {"uv": [1.5, 12, 2, 12.5], "texture": "#north", "cullface": "east"},
				"south": {"uv": [1, 12, 2, 12.5], "texture": "#north"},
				"up": {"uv": [1, 7.5, 2, 8], "texture": "#up"},
				"down": {"uv": [1, 7.5, 2, 8], "texture": "#up"}
			}
		},
		{
			"from": [14.5, 9, 0.5],
			"to": [15, 9.5, 1],
			"faces": {
				"north": {"uv": [1, 12, 2, 12.5], "texture": "#north"},
				"east": {"uv": [1.5, 12, 2, 12.5], "texture": "#north"},
				"west": {"uv": [1.5, 12, 2, 12.5], "texture": "#north"},
				"up": {"uv": [1, 7.5, 2, 8], "texture": "#up"},
				"down": {"uv": [1, 7.5, 2, 8], "texture": "#up"}
			}
		},
		{
			"from": [15, 9.5, 1],
			"to": [16, 10, 1.5],
			"faces": {
				"north": {"uv": [1, 12, 2, 12.5], "texture": "#north"},
				"east": {"uv": [1.5, 12, 2, 12.5], "texture": "#north", "cullface": "east"},
				"south": {"uv": [1, 12, 2, 12.5], "texture": "#north"},
				"up": {"uv": [1, 7.5, 2, 8], "texture": "#up"},
				"down": {"uv": [1, 7.5, 2, 8], "texture": "#up"}
			}
		},
		{
			"from": [15, 13, 1],
			"to": [16, 13.5, 1.5],
			"faces": {
				"north": {"uv": [1, 12, 2, 12.5], "texture": "#north"},
				"east": {"uv": [1.5, 12, 2, 12.5], "texture": "#north", "cullface": "east"},
				"south": {"uv": [1, 12, 2, 12.5], "texture": "#north"},
				"up": {"uv": [1, 7.5, 2, 8], "texture": "#up"},
				"down": {"uv": [1, 7.5, 2, 8], "texture": "#up"}
			}
		},
		{
			"from": [0, 5, 14.5],
			"to": [1, 5.5, 15],
			"faces": {
				"north": {"uv": [1, 12, 2, 12.5], "texture": "#north"},
				"south": {"uv": [1, 12, 2, 12.5], "texture": "#north"},
				"west": {"uv": [1.5, 12, 2, 12.5], "texture": "#north", "cullface": "west"},
				"up": {"uv": [1, 7.5, 2, 8], "texture": "#up"},
				"down": {"uv": [1, 7.5, 2, 8], "texture": "#up"}
			}
		},
		{
			"from": [14.5, 3.5, 0],
			"to": [15, 4, 1.5],
			"faces": {
				"north": {"uv": [1, 12, 2, 12.5], "texture": "#north", "cullface": "north"},
				"east": {"uv": [1.5, 12, 2, 12.5], "texture": "#north"},
				"south": {"uv": [1, 12, 2, 12.5], "texture": "#north"},
				"west": {"uv": [1.5, 12, 2, 12.5], "texture": "#north"},
				"up": {"uv": [1, 7.5, 2, 8], "texture": "#up"},
				"down": {"uv": [1, 7.5, 2, 8], "texture": "#up"}
			}
		}
	],
	"groups": [
		{
			"name": "group",
			"origin": [0, 0, 0],
			"color": 0,
			"children": [0, 1, 2, 3, 4, 5, 6, 7, 8, 9, 10, 11, 12, 13, 14, 15, 16, 17, 18, 19, 20, 21, 22, 23, 24, 25, 26]
		}
	]
}