{
	"credit": "Made with Blockbench, Pompier15 www.matrice-software.fr",
	"parent": "block/block",
	"textures": {
		"0": "block/crafting_table_front",
		"1": "block/crafting_table_top",
		"2": "block/oak_planks",
		"particle": "block/crafting_table_front"
	},
	"elements": [
		{
			"from": [0, 0, 0],
			"to": [16, 15.5, 16],
			"faces": {
				"north": {"uv": [0, 0.5, 16, 16], "texture": "#0"},
				"east": {"uv": [0, 0.5, 16, 16], "texture": "#0"},
				"south": {"uv": [0, 0.5, 16, 16], "texture": "#0"},
				"west": {"uv": [0, 0.5, 16, 16], "texture": "#0"},
				"up": {"uv": [0, 0, 16, 16], "texture": "#1"},
				"down": {"uv": [0, 0, 16, 16], "texture": "#2"}
			}
		},
		{
			"from": [0, 15.5, 0],
			"to": [16, 16, 3],
			"faces": {
				"north": {"uv": [0, 0, 16, 0.5], "texture": "#0"},
				"east": {"uv": [13, 0, 16, 0.5], "texture": "#0"},
				"south": {"uv": [0, 2.5, 16, 3], "texture": "#1"},
				"west": {"uv": [0, 0, 3, 0.5], "texture": "#0"},
				"up": {"uv": [0, 0, 16, 3], "texture": "#1"},
				"down": {"uv": [0, 0, 16, 3], "texture": "#missing"}
			}
		},
		{
			"from": [0, 15.5, 13],
			"to": [16, 16, 16],
			"faces": {
				"north": {"uv": [0, 13.5, 16, 13], "texture": "#1"},
				"east": {"uv": [0, 0, 3.5, 0.5], "texture": "#0"},
				"south": {"uv": [0, 0, 16, 0.5], "texture": "#0"},
				"west": {"uv": [13, 0, 16, 0.5], "texture": "#0"},
				"up": {"uv": [0, 13, 16, 16], "texture": "#1"},
				"down": {"uv": [0, 0, 16, 3.5], "texture": "#missing"}
			}
		},
		{
			"from": [0, 15.5, 3],
			"to": [3, 16, 13],
			"faces": {
				"north": {"uv": [0, 0, 3, 1], "texture": "#missing"},
				"east": {"uv": [13, 2.5, 3, 3], "texture": "#1"},
				"south": {"uv": [0, 0, 3, 1], "texture": "#missing"},
				"west": {"uv": [3, 0, 13, 0.5], "texture": "#0"},
				"up": {"uv": [0, 3, 3, 13], "texture": "#1"},
				"down": {"uv": [0, 0, 3, 9.5], "texture": "#missing"}
			}
		},
		{
			"from": [13, 15.5, 3],
			"to": [16, 16, 13],
			"faces": {
				"north": {"uv": [0, 0, 3.5, 1], "texture": "#missing"},
				"east": {"uv": [3, 0, 13, 0.5], "texture": "#0"},
				"south": {"uv": [0, 0, 3.5, 1], "texture": "#missing"},
				"west": {"uv": [3, 13.5, 12.5, 13], "texture": "#1"},
				"up": {"uv": [13, 3, 16, 13], "texture": "#1"},
				"down": {"uv": [0, 0, 3.5, 9.5], "texture": "#missing"}
			}
		}
	],
	"display": {
		"thirdperson_righthand": {
			"rotation": [75, 45, 0],
			"translation": [0, 2.5, 0],
			"scale": [0.375, 0.375, 0.375]
		},
		"firstperson_righthand": {
			"rotation": [0, 45, 0],
			"scale": [0.4, 0.4, 0.4]
		},
		"firstperson_lefthand": {
			"rotation": [0, 225, 0],
			"scale": [0.4, 0.4, 0.4]
		},
		"ground": {
			"translation": [0, 3, 0],
			"scale": [0.25, 0.25, 0.25]
		},
		"gui": {
			"rotation": [30, 225, 0],
			"scale": [0.625, 0.625, 0.625]
		},
		"fixed": {
			"scale": [0.5, 0.5, 0.5]
		}
	},
	"groups": [
		{
			"name": "group",
			"origin": [8, 8, 8],
			"color": 0,
			"children": [0, 1, 2, 3, 4]
		}
	]
}