{
	"credit": "Made with Blockbench, Pompier15 www.matrice-software.fr",
	"parent": "block/block",
	"textures": {
		"particle": "block/furnace_front",
		"front": "block/furnace_front",
		"side": "block/furnace_side",
		"top": "block/furnace_top"
	},
	"elements": [
		{
			"from": [13, 0, 0],
			"to": [16, 13.5, 1],
			"faces": {
				"north": {"uv": [16, 2.5, 13, 16], "texture": "#front", "cullface": "north"},
				"east": {"uv": [15, 4, 16, 16], "texture": "#side", "cullface": "east"},
				"west": {"uv": [0, 4, 1, 16], "texture": "#side"},
				"down": {"uv": [13, 0, 16, 1], "texture": "#top", "cullface": "down"}
			}
		},
		{
			"from": [0, 3.5, 0],
			"to": [3, 13.5, 1],
			"faces": {
				"north": {"uv": [3, 2.5, 0, 12.5], "texture": "#front", "cullface": "north"},
				"east": {"uv": [0, 4, 1, 12.5], "texture": "#side"},
				"west": {"uv": [0, 4, 1, 12.5], "texture": "#side", "cullface": "west"},
				"down": {"uv": [0, 0, 4, 1], "texture": "#top"}
			}
		},
		{
			"from": [0, 0, 0],
			"to": [3, 3.5, 1],
			"faces": {
				"north": {"uv": [3, 12.5, 0, 16], "texture": "#front", "cullface": "north"},
				"east": {"uv": [0, 12.5, 1, 16], "texture": "#side"},
				"west": {"uv": [0, 12.5, 1, 16], "texture": "#side", "cullface": "west"},
				"down": {"uv": [0, 0, 3, 1], "texture": "#top", "cullface": "down"}
			}
		},
		{
			"from": [0, 0, 1],
			"to": [16, 16, 16],
			"faces": {
				"north": {"uv": [0, 0, 16, 16], "texture": "#front"},
				"east": {"uv": [0, 0, 15, 16], "texture": "#side", "cullface": "east"},
				"south": {"uv": [0, 0, 16, 16], "texture": "#side", "cullface": "south"},
				"west": {"uv": [1, 0, 16, 16], "texture": "#side", "cullface": "west"},
				"up": {"uv": [0, 1, 16, 16], "texture": "#top", "cullface": "up"},
				"down": {"uv": [0, 16, 16, 1], "texture": "#top", "cullface": "down"}
			}
		},
		{
			"from": [3, 0, 0],
			"to": [13, 1, 1],
			"faces": {
				"north": {"uv": [3, 15, 13, 16], "texture": "#front", "cullface": "north"},
				"up": {"uv": [3, 0, 13, 1], "texture": "#top"},
				"down": {"uv": [3, 0, 13, 1], "texture": "#top", "cullface": "down"}
			}
		},
		{
			"from": [3, 5.5, 0],
			"to": [13, 9, 1],
			"faces": {
				"north": {"uv": [3, 7, 13, 10.5], "texture": "#front"},
				"east": {"uv": [0, 0, 1, 3.5], "texture": "#missing"},
				"south": {"uv": [0, 0, 10, 3.5], "texture": "#missing"},
				"west": {"uv": [0, 0, 1, 3.5], "texture": "#missing"},
				"up": {"uv": [3, 7.5, 13, 6.5], "texture": "#front"},
				"down": {"uv": [3, 10, 13, 11], "texture": "#front"}
			}
		},
		{
			"from": [3, 4, 0],
			"to": [4, 5.5, 1],
			"faces": {
				"north": {"uv": [12, 10.5, 13, 12], "texture": "#front"},
				"east": {"uv": [0, 0, 1, 1.5], "texture": "#front"},
				"south": {"uv": [0, 0, 1, 1.5], "texture": "#missing"},
				"west": {"uv": [0, 0, 1, 1.5], "texture": "#missing"},
				"up": {"uv": [0, 0, 1, 1], "texture": "#missing"},
				"down": {"uv": [0, 0, 1, 1], "texture": "#front"}
			}
		},
		{
			"from": [4.5, 13, 0],
			"to": [5.5, 13.5, 1],
			"faces": {
				"north": {"uv": [10.5, 2.5, 11.5, 3], "texture": "#front"},
				"east": {"uv": [0, 0, 1, 0.5], "texture": "#front"},
				"south": {"uv": [0, 0, 1, 0.5], "texture": "#missing"},
				"west": {"uv": [0, 0, 1, 0.5], "texture": "#missing"},
				"up": {"uv": [0, 0, 1, 1], "texture": "#missing"},
				"down": {"uv": [0, 0, 0.5, 1], "texture": "#front"}
			}
		},
		{
			"from": [4, 12.5, 0],
			"to": [4.5, 13.5, 1],
			"faces": {
				"north": {"uv": [11.5, 2.5, 12, 3.5], "texture": "#front"},
				"east": {"uv": [0, 0, 0.5, 1], "texture": "#front"},
				"south": {"uv": [0, 0, 0.5, 1], "texture": "#missing"},
				"west": {"uv": [0, 0, 1, 1], "texture": "#missing"},
				"up": {"uv": [0, 0, 0.5, 1], "texture": "#missing"},
				"down": {"uv": [0, 0, 0.5, 1], "texture": "#front"}
			}
		},
		{
			"from": [3, 12, 0],
			"to": [4, 13.5, 1],
			"faces": {
				"north": {"uv": [12, 2.5, 13, 4], "texture": "#front"},
				"east": {"uv": [0, 0, 0.5, 1.5], "texture": "#front"},
				"south": {"uv": [0, 0, 1, 1.5], "texture": "#missing"},
				"west": {"uv": [0, 0, 1, 1.5], "texture": "#missing"},
				"up": {"uv": [0, 0, 1, 1], "texture": "#missing"},
				"down": {"uv": [0, 0, 0.5, 1], "texture": "#front"}
			}
		},
		{
			"from": [12, 4, 0],
			"to": [13, 5.5, 1],
			"faces": {
				"north": {"uv": [3, 10.5, 4, 12], "texture": "#front"},
				"east": {"uv": [0, 0, 1, 1.5], "texture": "#missing"},
				"south": {"uv": [0, 0, 1, 1.5], "texture": "#missing"},
				"west": {"uv": [0, 0, 1, 1.5], "texture": "#front"},
				"up": {"uv": [0, 0, 1, 1], "texture": "#missing"},
				"down": {"uv": [0, 0, 1, 1], "texture": "#front"}
			}
		},
		{
			"from": [4, 4.5, 0],
			"to": [4.5, 5.5, 1],
			"faces": {
				"north": {"uv": [11.5, 10.5, 12, 11.5], "texture": "#front"},
				"east": {"uv": [0, 0, 1, 1], "texture": "#front"},
				"south": {"uv": [0, 0, 0.5, 1], "texture": "#missing"},
				"west": {"uv": [0, 0, 1, 1], "texture": "#missing"},
				"up": {"uv": [0, 0, 0.5, 1], "texture": "#missing"},
				"down": {"uv": [0, 0, 0.5, 1], "texture": "#front"}
			}
		},
		{
			"from": [12.5, 3.5, 0],
			"to": [13, 4, 1],
			"faces": {
				"north": {"uv": [3, 12, 3.5, 12.5], "texture": "#front"},
				"east": {"uv": [0, 0, 1, 0.5], "texture": "#missing"},
				"south": {"uv": [0, 0, 0.5, 0.5], "texture": "#missing"},
				"west": {"uv": [0, 0, 1, 0.5], "texture": "#front"},
				"up": {"uv": [0, 0, 0.5, 1], "texture": "#missing"},
				"down": {"uv": [0, 0, 0.5, 1], "texture": "#front"}
			}
		},
		{
			"from": [3, 3.5, 0],
			"to": [3.5, 4, 1],
			"faces": {
				"north": {"uv": [12.5, 12, 13, 12.5], "texture": "#front"},
				"east": {"uv": [0, 0, 1, 0.5], "texture": "#front"},
				"south": {"uv": [0, 0, 0.5, 0.5], "texture": "#missing"},
				"west": {"uv": [0, 0, 1, 0.5], "texture": "#missing"},
				"up": {"uv": [0, 0, 0.5, 1], "texture": "#missing"},
				"down": {"uv": [0, 0, 0.5, 1], "texture": "#front"}
			}
		},
		{
			"from": [3, 11.5, 0],
			"to": [3.5, 12, 1],
			"faces": {
				"north": {"uv": [12.5, 4, 13, 4.5], "texture": "#front"},
				"east": {"uv": [0, 0, 1, 0.5], "texture": "#front"},
				"south": {"uv": [0, 0, 0.5, 0.5], "texture": "#missing"},
				"west": {"uv": [0, 0, 1, 0.5], "texture": "#missing"},
				"up": {"uv": [0, 0, 0.5, 1], "texture": "#missing"},
				"down": {"uv": [0, 0, 0.5, 1], "texture": "#front"}
			}
		},
		{
			"from": [12.5, 11.5, 0],
			"to": [13, 12, 1],
			"faces": {
				"north": {"uv": [3, 4, 3.5, 4.5], "texture": "#front"},
				"east": {"uv": [0, 0, 1, 0.5], "texture": "#missing"},
				"south": {"uv": [0, 0, 0.5, 0.5], "texture": "#missing"},
				"west": {"uv": [0, 0, 1, 0.5], "texture": "#front"},
				"up": {"uv": [0, 0, 0.5, 1], "texture": "#missing"},
				"down": {"uv": [0, 0, 0.5, 1], "texture": "#front"}
			}
		},
		{
			"from": [11.5, 4.5, 0],
			"to": [12, 5.5, 1],
			"faces": {
				"north": {"uv": [4, 10.5, 4.5, 11.5], "texture": "#front"},
				"east": {"uv": [0, 0, 1, 1], "texture": "#missing"},
				"south": {"uv": [0, 0, 0.5, 1], "texture": "#missing"},
				"west": {"uv": [0, 0, 1, 1], "texture": "#front"},
				"up": {"uv": [0, 0, 0.5, 1], "texture": "#missing"},
				"down": {"uv": [0, 0, 0.5, 1], "texture": "#front"}
			}
		},
		{
			"from": [12, 12, 0],
			"to": [13, 13.5, 1],
			"faces": {
				"north": {"uv": [3, 2.5, 4, 4], "texture": "#front"},
				"east": {"uv": [0, 0, 1, 1.5], "texture": "#missing"},
				"south": {"uv": [0, 0, 1, 1.5], "texture": "#missing"},
				"west": {"uv": [0, 0, 0.5, 1.5], "texture": "#front"},
				"up": {"uv": [0, 0, 1, 1], "texture": "#missing"},
				"down": {"uv": [0, 0, 1, 1], "texture": "#front"}
			}
		},
		{
			"from": [10.5, 13, 0],
			"to": [11.5, 13.5, 1],
			"faces": {
				"north": {"uv": [4.5, 2.5, 5.5, 3], "texture": "#front"},
				"east": {"uv": [0, 0, 1, 0.5], "texture": "#missing"},
				"south": {"uv": [0, 0, 1, 0.5], "texture": "#missing"},
				"west": {"uv": [0, 0, 1, 0.5], "texture": "#front"},
				"up": {"uv": [0, 0, 1, 1], "texture": "#missing"},
				"down": {"uv": [0, 0, 0.5, 1], "texture": "#front"}
			}
		},
		{
			"from": [11.5, 12.5, 0],
			"to": [12, 13.5, 1],
			"faces": {
				"north": {"uv": [4, 2.5, 4.5, 3.5], "texture": "#front"},
				"east": {"uv": [0, 0, 1, 1], "texture": "#missing"},
				"south": {"uv": [0, 0, 0.5, 1], "texture": "#missing"},
				"west": {"uv": [0, 0, 0.5, 1], "texture": "#front"},
				"up": {"uv": [0, 0, 0.5, 1], "texture": "#missing"},
				"down": {"uv": [0, 0, 0.5, 1], "texture": "#front"}
			}
		},
		{
			"from": [4.5, 5, 0],
			"to": [5.5, 5.5, 1],
			"faces": {
				"north": {"uv": [10.5, 10.5, 11.5, 11], "texture": "#front"},
				"east": {"uv": [0, 0, 1, 0.5], "texture": "#front"},
				"south": {"uv": [0, 0, 1, 0.5], "texture": "#missing"},
				"west": {"uv": [0, 0, 1, 0.5], "texture": "#missing"},
				"up": {"uv": [0, 0, 1, 1], "texture": "#missing"},
				"down": {"uv": [0, 0, 1, 1], "texture": "#front"}
			}
		},
		{
			"from": [10.5, 5, 0],
			"to": [11.5, 5.5, 1],
			"faces": {
				"north": {"uv": [4.5, 10.5, 5.5, 11], "texture": "#front"},
				"east": {"uv": [0, 0, 1, 0.5], "texture": "#missing"},
				"south": {"uv": [0, 0, 1, 0.5], "texture": "#missing"},
				"west": {"uv": [0, 0, 1, 0.5], "texture": "#front"},
				"up": {"uv": [0, 0, 1, 1], "texture": "#missing"},
				"down": {"uv": [0, 0, 1, 1], "texture": "#front"}
			}
		},
		{
			"from": [5.5, 5, 0.5],
			"to": [10.5, 5.5, 1],
			"faces": {
				"north": {"uv": [5.5, 10.5, 10.5, 11], "texture": "#front"},
				"east": {"uv": [0, 0, 0.5, 0.5], "texture": "#missing"},
				"south": {"uv": [0, 0, 5, 0.5], "texture": "#missing"},
				"west": {"uv": [0, 0, 0.5, 0.5], "texture": "#missing"},
				"up": {"uv": [0, 0, 5, 0.5], "texture": "#missing"},
				"down": {"uv": [5.5, 11, 10.5, 11.5], "texture": "#front"}
			}
		},
		{
			"from": [11, 4.5, 0.5],
			"to": [11.5, 5, 1],
			"faces": {
				"north": {"uv": [4.5, 11, 5, 11.5], "texture": "#front"},
				"east": {"uv": [0, 0, 0.5, 0.5], "texture": "#missing"},
				"south": {"uv": [0, 0, 0.5, 0.5], "texture": "#missing"},
				"west": {"uv": [0, 0, 0.5, 0.5], "texture": "#front"},
				"up": {"uv": [0, 0, 0.5, 0.5], "texture": "#missing"},
				"down": {"uv": [0, 0, 0.5, 0.5], "texture": "#front"}
			}
		},
		{
			"from": [4.5, 4.5, 0.5],
			"to": [5, 5, 1],
			"faces": {
				"north": {"uv": [11, 11, 11.5, 11.5], "texture": "#front"},
				"east": {"uv": [0, 0, 0.5, 0.5], "texture": "#front"},
				"south": {"uv": [0, 0, 0.5, 0.5], "texture": "#missing"},
				"west": {"uv": [0, 0, 0.5, 0.5], "texture": "#missing"},
				"up": {"uv": [0, 0, 0.5, 0.5], "texture": "#missing"},
				"down": {"uv": [0, 0, 0.5, 0.5], "texture": "#front"}
			}
		},
		{
			"from": [4, 4, 0.5],
			"to": [4.5, 4.5, 1],
			"faces": {
				"north": {"uv": [11.5, 11.5, 12, 12], "texture": "#front"},
				"east": {"uv": [0, 0, 0.5, 0.5], "texture": "#front"},
				"south": {"uv": [0, 0, 0.5, 0.5], "texture": "#missing"},
				"west": {"uv": [0, 0, 0.5, 0.5], "texture": "#missing"},
				"up": {"uv": [0, 0, 0.5, 0.5], "texture": "#missing"},
				"down": {"uv": [0, 0, 0.5, 0.5], "texture": "#front"}
			}
		},
		{
			"from": [3.5, 3.5, 0.5],
			"to": [4, 4, 1],
			"faces": {
				"north": {"uv": [12, 12, 12.5, 12.5], "texture": "#front"},
				"east": {"uv": [0, 0, 0.5, 0.5], "texture": "#front"},
				"south": {"uv": [0, 0, 0.5, 0.5], "texture": "#missing"},
				"west": {"uv": [0, 0, 0.5, 0.5], "texture": "#missing"},
				"up": {"uv": [0, 0, 0.5, 0.5], "texture": "#missing"},
				"down": {"uv": [0, 0, 0.5, 0.5], "texture": "#front"}
			}
		},
		{
			"from": [3, 3, 0.5],
			"to": [3.5, 3.5, 1],
			"faces": {
				"north": {"uv": [12.5, 12.5, 13, 13], "texture": "#front"},
				"east": {"uv": [0, 0, 0.5, 0.5], "texture": "#front"},
				"south": {"uv": [0, 0, 0.5, 0.5], "texture": "#missing"},
				"west": {"uv": [0, 0, 0.5, 0.5], "texture": "#missing"},
				"up": {"uv": [0, 0, 0.5, 0.5], "texture": "#missing"},
				"down": {"uv": [0, 0, 0.5, 0.5], "texture": "#front"}
			}
		},
		{
			"from": [10, 13, 0.5],
			"to": [10.5, 13.5, 1],
			"faces": {
				"north": {"uv": [5.5, 2.5, 6, 3], "texture": "#front"},
				"east": {"uv": [0, 0, 0.5, 0.5], "texture": "#missing"},
				"south": {"uv": [0, 0, 0.5, 0.5], "texture": "#missing"},
				"west": {"uv": [0, 0, 0.5, 0.5], "texture": "#front"},
				"up": {"uv": [0, 0, 0.5, 0.5], "texture": "#missing"},
				"down": {"uv": [0, 0, 0.5, 0.5], "texture": "#front"}
			}
		},
		{
			"from": [5.5, 13, 0.5],
			"to": [6, 13.5, 1],
			"faces": {
				"north": {"uv": [10, 2.5, 10.5, 3], "texture": "#front"},
				"east": {"uv": [0, 0, 0.5, 0.5], "texture": "#front"},
				"south": {"uv": [0, 0, 0.5, 0.5], "texture": "#missing"},
				"west": {"uv": [0, 0, 0.5, 0.5], "texture": "#missing"},
				"up": {"uv": [0, 0, 0.5, 0.5], "texture": "#missing"},
				"down": {"uv": [0, 0, 0.5, 0.5], "texture": "#front"}
			}
		},
		{
			"from": [11.5, 4, 0.5],
			"to": [12, 4.5, 1],
			"faces": {
				"north": {"uv": [4, 11.5, 4.5, 12], "texture": "#front"},
				"east": {"uv": [0, 0, 0.5, 0.5], "texture": "#missing"},
				"south": {"uv": [0, 0, 0.5, 0.5], "texture": "#missing"},
				"west": {"uv": [0, 0, 0.5, 0.5], "texture": "#front"},
				"up": {"uv": [0, 0, 0.5, 0.5], "texture": "#missing"},
				"down": {"uv": [0, 0, 0.5, 0.5], "texture": "#front"}
			}
		},
		{
			"from": [12, 3.5, 0.5],
			"to": [12.5, 4, 1],
			"faces": {
				"north": {"uv": [3.5, 12, 4, 12.5], "texture": "#front"},
				"east": {"uv": [0, 0, 0.5, 0.5], "texture": "#missing"},
				"south": {"uv": [0, 0, 0.5, 0.5], "texture": "#missing"},
				"west": {"uv": [0, 0, 0.5, 0.5], "texture": "#front"},
				"up": {"uv": [0, 0, 0.5, 0.5], "texture": "#missing"},
				"down": {"uv": [0, 0, 0.5, 0.5], "texture": "#front"}
			}
		},
		{
			"from": [12.5, 3, 0.5],
			"to": [13, 3.5, 1],
			"faces": {
				"north": {"uv": [3, 12.5, 3.5, 13], "texture": "#front"},
				"east": {"uv": [0, 0, 0.5, 0.5], "texture": "#missing"},
				"south": {"uv": [0, 0, 0.5, 0.5], "texture": "#missing"},
				"west": {"uv": [0, 0, 0.5, 0.5], "texture": "#front"},
				"up": {"uv": [0, 0, 0.5, 0.5], "texture": "#missing"},
				"down": {"uv": [0, 0, 0.5, 0.5], "texture": "#front"}
			}
		},
		{
			"from": [0, 13.5, 0],
			"to": [16, 16, 1],
			"faces": {
				"north": {"uv": [0, 0, 16, 2.5], "texture": "#front"},
				"east": {"uv": [1, 0, 0, 2.5], "texture": "#front"},
				"south": {"uv": [0, 0, 16, 2.5], "texture": "#missing"},
				"west": {"uv": [0, 0, 1, 2.5], "texture": "#front"},
				"up": {"uv": [0, 0, 16, 1], "texture": "#front"},
				"down": {"uv": [0, 3, 16, 2], "texture": "#front"}
			}
		}
	],
	"display": {
		"thirdperson_righthand": {
			"rotation": [75, 45, 0],
			"translation": [0, 2.5, 0],
			"scale": [0.375, 0.375, 0.375]
		},
		"firstperson_righthand": {
			"rotation": [0, 45, 0],
			"scale": [0.4, 0.4, 0.4]
		},
		"firstperson_lefthand": {
			"rotation": [0, 225, 0],
			"scale": [0.4, 0.4, 0.4]
		},
		"ground": {
			"translation": [0, 3, 0],
			"scale": [0.25, 0.25, 0.25]
		},
		"gui": {
			"rotation": [30, 225, 0],
			"scale": [0.625, 0.625, 0.625]
		},
		"fixed": {
			"scale": [0.5, 0.5, 0.5]
		}
	},
	"groups": [
		{
			"name": "group",
			"origin": [0, 0, 0],
			"color": 0,
			"children": [0, 1, 2, 3, 4, 5, 6, 7, 8, 9, 10, 11, 12, 13, 14, 15, 16, 17, 18, 19, 20, 21, 22, 23, 24, 25, 26, 27, 28, 29, 30, 31, 32, 33]
		}
	]
}