{
	"credit": "Made with Blockbench, Pompier15 www.matrice-software.fr",
	"ambientocclusion": false,
	"textures": {
		"2": "block/iron_bars",
		"particle": "block/iron_bars"
	},
	"elements": [
		{
			"from": [7, 0.001, 7],
			"to": [9, 16, 9],
			"faces": {
				"north": {"uv": [2, 0, 4, 15.999], "texture": "#2"},
				"east": {"uv": [12, 0, 14, 15.999], "texture": "#2"},
				"south": {"uv": [2, 0, 4, 15.999], "texture": "#2"},
				"west": {"uv": [7, 0, 9, 15.999], "texture": "#2"},
				"up": {"uv": [7, 7, 9, 9], "texture": "#2"},
				"down": {"uv": [7, 7, 9, 9], "texture": "#2"}
			}
		},
		{
			"from": [7, 15.999, 7],
			"to": [9, 15.999, 9],
			"faces": {
				"up": {"uv": [7, 7, 9, 9], "texture": "#2"},
				"down": {"uv": [7, 7, 9, 9], "texture": "#missing"}
			}
		}
	]
}