{
	"credit": "Made with Blockbench, Pompier15 www.matrice-software.fr",
	"ambientocclusion": false,
	"textures": {
		"1": "block/iron_bars",
		"particle": "block/iron_bars"
	},
	"elements": [
		{
			"from": [7, 0, 8],
			"to": [9, 16, 8],
			"faces": {
				"north": {"uv": [7, 0, 9, 16], "texture": "#1"},
				"east": {"uv": [8, 0, 8, 16], "texture": "#missing"},
				"south": {"uv": [2, 0, 4, 16], "texture": "#1"},
				"west": {"uv": [12, 0, 14, 16], "texture": "#missing"},
				"up": {"uv": [2, 2, 4, 4], "texture": "#missing"},
				"down": {"uv": [12, 12, 14, 14], "texture": "#missing"}
			}
		}
	]
}