{
	"credit": "Made with Blockbench, Pompier15 www.matrice-software.fr",
	"ambientocclusion": false,
	"textures": {
		"1": "block/iron_bars",
		"particle": "block/iron_bars"
	},
	"elements": [
		{
			"from": [8, 0, 7],
			"to": [8, 16, 9],
			"faces": {
				"east": {"uv": [9, 0, 7, 16], "texture": "#1"},
				"west": {"uv": [7, 0, 9, 16], "texture": "#1"}
			}
		},
		{
			"from": [7, 0, 8],
			"to": [9, 16, 8],
			"faces": {
				"north": {"uv": [7, 0, 9, 16], "texture": "#1"},
				"south": {"uv": [9, 0, 7, 16], "texture": "#1"}
			}
		}
	]
}