{
	"credit": "Made with Blockbench, Pompier15 www.matrice-software.fr",
	"textures": {
		"particle": "block/birch_door_top",
		"texture": "block/birch_door_top",
		"texture1": "ctm/doors/birch/front",
		"texture2": "ctm/doors/birch/side"
	},
	"elements": [
		{
			"name": "Box1",
			"from": [0.5, 0, 0],
			"to": [2.5, 16, 16],
			"faces": {
				"north": {"uv": [10.5, 0, 12.5, 16], "texture": "#texture2"},
				"east": {"uv": [0, 0, 16, 16], "texture": "#texture"},
				"south": {"uv": [13.5, 16, 15.5, 0], "texture": "#texture2"},
				"west": {"uv": [0, 0, 16, 16], "texture": "#texture"},
				"up": {"uv": [0, 0.5, 16, 2.5], "rotation": 90, "texture": "#texture1"}
			}
		},
		{
			"name": "Box1",
			"from": [0, 13, 0],
			"to": [0.5, 16, 16],
			"faces": {
				"north": {"uv": [0, 0, 0.5, 3], "texture": "#texture"},
				"east": {"uv": [0, 0, 16, 16], "texture": "#texture"},
				"south": {"uv": [15.5, 0, 16, 3], "texture": "#texture"},
				"west": {"uv": [0, 0, 16, 3], "texture": "#texture"},
				"up": {"uv": [0, 2.5, 16, 3], "rotation": 90, "texture": "#texture1"},
				"down": {"uv": [0, 2.5, 16, 3], "rotation": 90, "texture": "#texture"}
			}
		},
		{
			"name": "Box1",
			"from": [2.5, 13, 0],
			"to": [3, 16, 16],
			"faces": {
				"north": {"uv": [0, 0, 0.5, 3], "texture": "#texture"},
				"east": {"uv": [16, 0, 0, 3], "texture": "#texture"},
				"south": {"uv": [15.5, 0, 16, 3], "texture": "#texture"},
				"west": {"uv": [0, 0, 16, 16], "texture": "#texture"},
				"up": {"uv": [16, 2.5, 0, 3], "rotation": 270, "texture": "#texture1"},
				"down": {"uv": [0, 2.5, 16, 3], "rotation": 90, "texture": "#texture"}
			}
		},
		{
			"name": "Box1",
			"from": [2.5, 0, 0],
			"to": [3, 13, 3],
			"faces": {
				"north": {"uv": [0, 3, 0.5, 16], "texture": "#texture"},
				"east": {"uv": [3, 3, 0, 16], "texture": "#texture"},
				"south": {"uv": [2.5, 3, 3, 16], "texture": "#texture"},
				"west": {"uv": [0, 0, 16, 16], "texture": "#texture"}
			}
		},
		{
			"name": "Box1",
			"from": [2.5, 0, 13],
			"to": [3, 13, 16],
			"faces": {
				"north": {"uv": [13, 3, 13.5, 16], "texture": "#texture"},
				"east": {"uv": [16, 3, 13, 16], "texture": "#texture"},
				"south": {"uv": [15.5, 3, 16, 16], "texture": "#texture"},
				"west": {"uv": [0, 0, 16, 16], "texture": "#texture"}
			}
		},
		{
			"name": "Box1",
			"from": [0, 0, 0],
			"to": [0.5, 13, 3],
			"faces": {
				"north": {"uv": [0, 3, 0.5, 16], "texture": "#texture"},
				"east": {"uv": [3, 0, 0, 4], "texture": "#texture"},
				"south": {"uv": [2.5, 3, 3, 16], "texture": "#texture"},
				"west": {"uv": [0, 3, 3, 16], "texture": "#texture"}
			}
		},
		{
			"name": "Box1",
			"from": [0, 0, 13],
			"to": [0.5, 13, 16],
			"faces": {
				"north": {"uv": [13, 3, 13.5, 16], "texture": "#texture"},
				"east": {"uv": [3, 0, 0, 4], "texture": "#texture"},
				"south": {"uv": [15.5, 3, 16, 16], "texture": "#texture"},
				"west": {"uv": [13, 3, 16, 16], "texture": "#texture"}
			}
		},
		{
			"from": [-0.25, 0, -0.25],
			"to": [1, 1, 1],
			"faces": {
				"north": {"uv": [0, 15, 1, 16], "texture": "#texture"},
				"east": {"uv": [0, 15, 1, 16], "texture": "#texture"},
				"south": {"uv": [0, 15, 1, 16], "texture": "#texture"},
				"west": {"uv": [0, 15, 1, 16], "texture": "#texture"},
				"up": {"uv": [0, 15, 1, 15.5], "texture": "#texture"},
				"down": {"uv": [0, 15.5, 1, 16], "texture": "#texture"}
			}
		},
		{
			"from": [2, 0, -0.25],
			"to": [3.25, 1, 1],
			"faces": {
				"north": {"uv": [0, 15, 1, 16], "texture": "#texture"},
				"east": {"uv": [0, 15, 1, 16], "texture": "#texture"},
				"south": {"uv": [0, 15, 1, 16], "texture": "#texture"},
				"west": {"uv": [0, 15, 1, 16], "texture": "#texture"},
				"up": {"uv": [0, 15, 1, 15.5], "texture": "#texture"},
				"down": {"uv": [0, 15.5, 1, 16], "texture": "#texture"}
			}
		},
		{
			"from": [-0.25, 10, -0.25],
			"to": [1, 12, 1],
			"faces": {
				"north": {"uv": [0, 4, 0.5, 6], "texture": "#texture"},
				"east": {"uv": [1, 4, 0, 6], "texture": "#texture"},
				"south": {"uv": [0.5, 4, 1, 6], "texture": "#texture"},
				"west": {"uv": [0, 4, 1, 6], "texture": "#texture"},
				"up": {"uv": [0, 4, 0.5, 4.5], "texture": "#texture"},
				"down": {"uv": [0, 5.5, 1, 6], "texture": "#texture"}
			}
		},
		{
			"from": [2, 10, -0.25],
			"to": [3.25, 12, 1],
			"faces": {
				"north": {"uv": [0, 4, 0.5, 6], "texture": "#texture"},
				"east": {"uv": [1, 4, 0, 6], "texture": "#texture"},
				"south": {"uv": [0.5, 4, 1, 6], "texture": "#texture"},
				"west": {"uv": [0, 4, 1, 6], "texture": "#texture"},
				"up": {"uv": [0, 4, 0.5, 4.5], "texture": "#texture"},
				"down": {"uv": [0, 5.5, 1, 6], "texture": "#texture"}
			}
		},
		{
			"from": [-0.25, 0, 14],
			"to": [0, 2, 15],
			"faces": {
				"north": {"uv": [14, 14, 14.25, 16], "texture": "#texture"},
				"east": {"uv": [0, 0, 1, 2], "texture": "#missing"},
				"south": {"uv": [14.75, 14, 15, 16], "texture": "#texture"},
				"west": {"uv": [14, 14, 15, 16], "texture": "#texture"},
				"up": {"uv": [14, 14, 14.25, 14.5], "texture": "#texture"},
				"down": {"uv": [14.5, 15, 14.75, 16], "texture": "#texture"}
			}
		},
		{
			"from": [3, 0, 14],
			"to": [3.25, 2, 15],
			"faces": {
				"north": {"uv": [14.75, 14, 15, 16], "texture": "#texture"},
				"east": {"uv": [14, 14, 15, 16], "texture": "#texture"},
				"south": {"uv": [14, 14, 14.25, 16], "texture": "#texture"},
				"west": {"uv": [14, 14, 15, 16], "texture": "#texture"},
				"up": {"uv": [14, 14, 14.25, 14.5], "texture": "#texture"},
				"down": {"uv": [14.5, 15, 14.75, 16], "texture": "#texture"}
			}
		}
	],
	"groups": [
		{
			"name": "group",
			"origin": [8, 8, 8],
			"color": 0,
			"children": [0, 1, 2, 3, 4, 5, 6, 7, 8, 9, 10, 11, 12]
		}
	]
}