{
	"credit": "Made with Blockbench, Pompier15 www.matrice-software.fr",
	"textures": {
		"particle": "block/oak_door_top",
		"texture": "block/oak_door_top"
	},
	"elements": [
		{
			"from": [0, 0, 13],
			"to": [3, 2, 16],
			"rotation": {"angle": 0, "axis": "y", "origin": [2, 0, 8]},
			"faces": {
				"north": {"uv": [0, 14, 3, 12], "texture": "#texture"},
				"east": {"uv": [0, 12, 3, 14], "texture": "#texture"},
				"south": {"uv": [13, 14, 16, 12], "texture": "#texture"},
				"west": {"uv": [16, 14, 13, 12], "texture": "#texture"},
				"down": {"uv": [0, 3, 3, 0], "rotation": 180, "texture": "#texture"}
			}
		},
		{
			"from": [0, 2.5, 3],
			"to": [3, 5, 8],
			"rotation": {"angle": 0, "axis": "y", "origin": [2, 0, 8]},
			"faces": {
				"east": {"uv": [8, 11, 13, 13.5], "texture": "#texture"},
				"west": {"uv": [3, 11, 8, 13.5], "texture": "#texture"},
				"up": {"uv": [0, 8, 3, 13], "rotation": 180, "texture": "#texture"},
				"down": {"uv": [0, 13, 3, 8], "rotation": 180, "texture": "#texture"}
			}
		},
		{
			"from": [0, 8, 3],
			"to": [3, 10, 8],
			"rotation": {"angle": 0, "axis": "y", "origin": [2, 0, 8]},
			"faces": {
				"east": {"uv": [8, 6, 13, 8], "texture": "#texture"},
				"west": {"uv": [3, 6, 8, 8], "texture": "#texture"},
				"up": {"uv": [0, 8, 3, 13], "rotation": 180, "texture": "#texture"},
				"down": {"uv": [0, 13, 3, 8], "rotation": 180, "texture": "#texture"}
			}
		},
		{
			"from": [0.5, 0, 9],
			"to": [2.5, 2.5, 13],
			"rotation": {"angle": 0, "axis": "y", "origin": [2, 0, 8]},
			"faces": {
				"east": {"uv": [3, 13.5, 7, 16], "texture": "#texture"},
				"south": {"uv": [13.5, 13.5, 15.5, 16], "texture": "#texture"},
				"west": {"uv": [2.5, 13.5, 6.5, 16], "texture": "#texture"},
				"down": {"uv": [1, 6.5, 3, 2.5], "rotation": 180, "texture": "#texture"}
			}
		},
		{
			"from": [0, 10, 7],
			"to": [3, 13, 9],
			"rotation": {"angle": 0, "axis": "y", "origin": [2, 0, 8]},
			"faces": {
				"north": {"uv": [16, 3, 13, 6], "texture": "#texture"},
				"east": {"uv": [7, 3, 9, 6], "texture": "#texture"},
				"south": {"uv": [13, 3, 16, 6], "texture": "#texture"},
				"west": {"uv": [7, 3, 9, 6], "texture": "#texture"},
				"up": {"uv": [0, 7, 3, 9], "rotation": 180, "texture": "#texture"},
				"down": {"uv": [0, 9, 3, 7], "rotation": 180, "texture": "#texture"}
			}
		},
		{
			"from": [0, 13, 8],
			"to": [3, 16, 13],
			"rotation": {"angle": 0, "axis": "y", "origin": [2, 0, 8]},
			"faces": {
				"east": {"uv": [3, 0, 8, 3], "texture": "#texture"},
				"west": {"uv": [8, 0, 3, 3], "texture": "#texture"},
				"up": {"uv": [0, 7, 3, 12], "rotation": 180, "texture": "#texture"},
				"down": {"uv": [0, 12, 3, 7], "rotation": 180, "texture": "#texture"}
			}
		},
		{
			"from": [0, 2.5, 8],
			"to": [3, 5, 13],
			"rotation": {"angle": 0, "axis": "y", "origin": [2, 0, 8]},
			"faces": {
				"east": {"uv": [3, 11, 8, 13.5], "texture": "#texture"},
				"west": {"uv": [8, 11, 13, 13.5], "texture": "#texture"},
				"up": {"uv": [0, 7, 3, 12], "rotation": 180, "texture": "#texture"},
				"down": {"uv": [0, 12, 3, 7], "rotation": 180, "texture": "#texture"}
			}
		},
		{
			"from": [0, 2.5, 0],
			"to": [3, 16, 3],
			"rotation": {"angle": 0, "axis": "y", "origin": [2, 0, 8]},
			"faces": {
				"north": {"uv": [16, 0, 13, 13.5], "texture": "#texture"},
				"east": {"uv": [13, 0, 16, 13.5], "texture": "#texture"},
				"south": {"uv": [13, 0, 16, 13.5], "texture": "#texture"},
				"west": {"uv": [16, 0, 13, 13.5], "texture": "#texture"},
				"up": {"uv": [0, 10.5, 3, 7.5], "rotation": 180, "texture": "#texture"},
				"down": {"uv": [0, 7.5, 3, 10.5], "rotation": 180, "texture": "#texture"}
			}
		},
		{
			"from": [0, 2, 13],
			"to": [3, 16, 16],
			"rotation": {"angle": 0, "axis": "y", "origin": [2, 0, 8]},
			"faces": {
				"north": {"uv": [16, 0, 13, 14], "texture": "#texture"},
				"east": {"uv": [0, 0, 3, 14], "texture": "#texture"},
				"south": {"uv": [13, 0, 16, 14], "texture": "#texture"},
				"west": {"uv": [3, 0, 0, 14], "texture": "#texture"},
				"up": {"uv": [0, 7.5, 3, 10.5], "rotation": 180, "texture": "#texture"}
			}
		},
		{
			"from": [0, 13, 3],
			"to": [3, 16, 8],
			"rotation": {"angle": 0, "axis": "y", "origin": [2, 0, 8]},
			"faces": {
				"east": {"uv": [8, 0, 13, 3], "texture": "#texture"},
				"west": {"uv": [13, 0, 8, 3], "texture": "#texture"},
				"up": {"uv": [0, 8, 3, 13], "rotation": 180, "texture": "#texture"},
				"down": {"uv": [0, 13, 3, 8], "rotation": 180, "texture": "#texture"}
			}
		},
		{
			"from": [0, 8, 8],
			"to": [3, 10, 13],
			"rotation": {"angle": 0, "axis": "y", "origin": [2, 0, 8]},
			"faces": {
				"east": {"uv": [3, 6, 8, 8], "texture": "#texture"},
				"west": {"uv": [8, 6, 13, 8], "texture": "#texture"},
				"up": {"uv": [0, 7, 3, 12], "rotation": 180, "texture": "#texture"},
				"down": {"uv": [0, 12, 3, 7], "rotation": 180, "texture": "#texture"}
			}
		},
		{
			"from": [0, 5, 7],
			"to": [3, 8, 9],
			"rotation": {"angle": 0, "axis": "y", "origin": [2, 0, 8]},
			"faces": {
				"north": {"uv": [0, 8, 3, 11], "texture": "#texture"},
				"east": {"uv": [7, 8, 9, 11], "texture": "#texture"},
				"south": {"uv": [13, 8, 16, 11], "texture": "#texture"},
				"west": {"uv": [7, 8, 9, 11], "texture": "#texture"},
				"up": {"uv": [0, 7, 3, 9], "rotation": 180, "texture": "#texture"},
				"down": {"uv": [0, 9, 3, 7], "rotation": 180, "texture": "#texture"}
			}
		},
		{
			"from": [0, 0, 7],
			"to": [3, 2.5, 9],
			"rotation": {"angle": 0, "axis": "y", "origin": [2, 0, 8]},
			"faces": {
				"north": {"uv": [0, 2.5, 3, 0], "texture": "#texture"},
				"east": {"uv": [7, 13.5, 9, 16], "texture": "#texture"},
				"south": {"uv": [13, 2.5, 16, 0], "texture": "#texture"},
				"west": {"uv": [7, 13.5, 9, 16], "texture": "#texture"},
				"up": {"uv": [0, 7, 3, 9], "rotation": 180, "texture": "#texture"},
				"down": {"uv": [0, 9, 3, 7], "rotation": 180, "texture": "#texture"}
			}
		},
		{
			"from": [0.5, 0, 3],
			"to": [2.5, 2.5, 7],
			"rotation": {"angle": 0, "axis": "y", "origin": [2, 0, 8]},
			"faces": {
				"east": {"uv": [7, 13.5, 3, 16], "texture": "#texture"},
				"west": {"uv": [3, 13.5, 7, 16], "texture": "#texture"},
				"down": {"uv": [0.5, 13, 2.5, 9], "rotation": 180, "texture": "#texture"}
			}
		},
		{
			"from": [3, 0, 3.5],
			"to": [3.25, 1, 4],
			"rotation": {"angle": 0, "axis": "y", "origin": [2, 0, 8]},
			"faces": {
				"north": {"uv": [11.5, 15, 12, 16], "texture": "#texture"},
				"east": {"uv": [11.5, 15, 12, 16], "texture": "#texture"},
				"south": {"uv": [11.5, 15, 12, 16], "texture": "#texture"},
				"west": {"uv": [11.5, 15, 12, 16], "texture": "#texture"},
				"up": {"uv": [11.5, 15, 12, 15.5], "rotation": 180, "texture": "#texture"},
				"down": {"uv": [11.5, 15.5, 12, 16], "rotation": 180, "texture": "#texture"}
			}
		},
		{
			"from": [3, 0.5, 3],
			"to": [3.25, 1.5, 3.5],
			"rotation": {"angle": 0, "axis": "y", "origin": [2, 0, 8]},
			"faces": {
				"north": {"uv": [12, 14.5, 12.5, 15.5], "texture": "#texture"},
				"east": {"uv": [12, 14.5, 12.5, 15.5], "texture": "#texture"},
				"south": {"uv": [12, 14.5, 12.5, 15.5], "texture": "#texture"},
				"west": {"uv": [12, 14.5, 12.5, 15.5], "texture": "#texture"},
				"up": {"uv": [12, 14.5, 12.5, 15.5], "rotation": 180, "texture": "#texture"},
				"down": {"uv": [12, 14.5, 12.5, 15.5], "rotation": 180, "texture": "#texture"}
			}
		},
		{
			"from": [3, 1, 2],
			"to": [3.25, 1.5, 3],
			"rotation": {"angle": 0, "axis": "y", "origin": [2, 0, 8]},
			"faces": {
				"north": {"uv": [13, 14.5, 13.5, 15], "texture": "#texture"},
				"east": {"uv": [12.5, 14.5, 13.5, 15], "texture": "#texture"},
				"south": {"uv": [12.5, 14.5, 13.5, 15], "texture": "#texture"},
				"west": {"uv": [12.5, 14.5, 13.5, 15], "texture": "#texture"},
				"up": {"uv": [11.5, 15, 12, 16], "rotation": 180, "texture": "#texture"},
				"down": {"uv": [11.5, 16, 12, 15], "rotation": 180, "texture": "#texture"}
			}
		},
		{
			"from": [-0.25, 0, 3.5],
			"to": [0, 1, 4],
			"rotation": {"angle": 0, "axis": "y", "origin": [2, 0, 8]},
			"faces": {
				"north": {"uv": [11.5, 15, 12, 16], "texture": "#texture"},
				"east": {"uv": [11.5, 15, 12, 16], "texture": "#texture"},
				"south": {"uv": [11.5, 15, 12, 16], "texture": "#texture"},
				"west": {"uv": [11.5, 15, 12, 16], "texture": "#texture"},
				"up": {"uv": [11.5, 15, 12, 15.5], "rotation": 180, "texture": "#texture"},
				"down": {"uv": [11.5, 15.5, 12, 16], "rotation": 180, "texture": "#texture"}
			}
		},
		{
			"from": [-0.25, 0.5, 3],
			"to": [0, 1.5, 3.5],
			"rotation": {"angle": 0, "axis": "y", "origin": [2, 0, 8]},
			"faces": {
				"north": {"uv": [12, 14.5, 12.5, 15.5], "texture": "#texture"},
				"east": {"uv": [12, 14.5, 12.5, 15.5], "texture": "#texture"},
				"south": {"uv": [12, 14.5, 12.5, 15.5], "texture": "#texture"},
				"west": {"uv": [12, 14.5, 12.5, 15.5], "texture": "#texture"},
				"up": {"uv": [12, 14.5, 12.5, 15.5], "rotation": 180, "texture": "#texture"},
				"down": {"uv": [12, 14.5, 12.5, 15.5], "rotation": 180, "texture": "#texture"}
			}
		},
		{
			"from": [-0.25, 1, 2],
			"to": [0, 1.5, 3],
			"rotation": {"angle": 0, "axis": "y", "origin": [2, 0, 8]},
			"faces": {
				"north": {"uv": [13, 14.5, 13.5, 15], "texture": "#texture"},
				"east": {"uv": [12.5, 14.5, 13.5, 15], "texture": "#texture"},
				"south": {"uv": [12.5, 14.5, 13.5, 15], "texture": "#texture"},
				"west": {"uv": [12.5, 14.5, 13.5, 15], "texture": "#texture"},
				"up": {"uv": [11.5, 15, 12, 16], "rotation": 180, "texture": "#texture"},
				"down": {"uv": [11.5, 16, 12, 15], "rotation": 180, "texture": "#texture"}
			}
		},
		{
			"from": [0, 0, 0],
			"to": [3, 2.5, 3],
			"rotation": {"angle": 0, "axis": "y", "origin": [2, 0, 8]},
			"faces": {
				"north": {"uv": [16, 8.5, 13, 11], "texture": "#texture"},
				"east": {"uv": [13, 8.5, 16, 11], "texture": "#texture"},
				"south": {"uv": [0, 11, 3, 13.5], "texture": "#texture"},
				"west": {"uv": [16, 8.5, 13, 11], "texture": "#texture"},
				"up": {"uv": [0, 11, 3, 13.5], "rotation": 180, "texture": "#texture"},
				"down": {"uv": [0, 13.5, 3, 11], "rotation": 180, "texture": "#texture"}
			}
		},
		{
			"from": [2, 10, 15],
			"to": [3.25, 12, 16.25],
			"rotation": {"angle": 0, "axis": "y", "origin": [2, 0, 8]},
			"faces": {
				"north": {"uv": [0.5, 4, 1, 6], "texture": "#texture"},
				"east": {"uv": [0, 4, 1, 6], "texture": "#texture"},
				"south": {"uv": [0, 4, 0.5, 6], "texture": "#texture"},
				"west": {"uv": [1, 4, 0, 6], "texture": "#texture"},
				"up": {"uv": [0, 4, 1, 4.5], "rotation": 180, "texture": "#texture"},
				"down": {"uv": [0, 5.5, 1, 6], "rotation": 180, "texture": "#texture"}
			}
		},
		{
			"from": [2, 0, 15],
			"to": [3.25, 1, 16.25],
			"rotation": {"angle": 0, "axis": "y", "origin": [2, 0, 8]},
			"faces": {
				"north": {"uv": [0, 15, 1, 16], "texture": "#texture"},
				"east": {"uv": [0, 15, 1, 16], "texture": "#texture"},
				"south": {"uv": [0, 15, 1, 16], "texture": "#texture"},
				"west": {"uv": [0, 15, 1, 16], "texture": "#texture"},
				"up": {"uv": [0, 15, 1, 15.5], "texture": "#texture"},
				"down": {"uv": [0, 15.5, 1, 16], "texture": "#texture"}
			}
		},
		{
			"from": [-0.25, 0, 15],
			"to": [1, 1, 16.25],
			"rotation": {"angle": 0, "axis": "y", "origin": [2, 0, 8]},
			"faces": {
				"north": {"uv": [0, 15, 1, 16], "texture": "#texture"},
				"east": {"uv": [0, 15, 1, 16], "texture": "#texture"},
				"south": {"uv": [0, 15, 1, 16], "texture": "#texture"},
				"west": {"uv": [0, 15, 1, 16], "texture": "#texture"},
				"up": {"uv": [0, 15, 1, 15.5], "texture": "#texture"},
				"down": {"uv": [0, 15.5, 1, 16], "texture": "#texture"}
			}
		},
		{
			"from": [-0.25, 10, 15],
			"to": [1, 12, 16.25],
			"rotation": {"angle": 0, "axis": "y", "origin": [2, 0, 8]},
			"faces": {
				"north": {"uv": [0.5, 4, 1, 6], "texture": "#texture"},
				"east": {"uv": [0, 4, 1, 6], "texture": "#texture"},
				"south": {"uv": [0, 4, 0.5, 6], "texture": "#texture"},
				"west": {"uv": [1, 4, 0, 6], "texture": "#texture"},
				"up": {"uv": [0, 4, 1, 4.5], "rotation": 180, "texture": "#texture"},
				"down": {"uv": [0, 5.5, 1, 6], "rotation": 180, "texture": "#texture"}
			}
		}
	],
	"groups": [
		{
			"name": "group",
			"origin": [8, 8, 8],
			"color": 0,
			"children": [0, 1, 2, 3, 4, 5, 6, 7, 8, 9, 10, 11, 12, 13, 14, 15, 16, 17, 18, 19, 20, 21, 22, 23, 24]
		}
	]
}