{
	"credit": "Made with Blockbench, Pompier15 www.matrice-software.fr",
	"texture_size": [32, 32],
	"textures": {
		"3": "ctm/doors/acacia/side",
		"particle": "block/acacia_door_bottom",
		"bottom": "block/acacia_door_bottom"
	},
	"elements": [
		{
			"from": [0, 2.5, 9],
			"to": [3, 15, 11],
			"faces": {
				"north": {"uv": [0, 1, 3, 13.5], "texture": "#3"},
				"east": {"uv": [5, 1, 7, 13.5], "texture": "#bottom"},
				"south": {"uv": [0, 1, 3, 13.5], "texture": "#3"},
				"west": {"uv": [9, 1, 11, 13.5], "texture": "#bottom"}
			}
		},
		{
			"from": [0, 15, 2.5],
			"to": [3, 16, 13.5],
			"faces": {
				"east": {"uv": [13.5, 0, 2.5, 1], "texture": "#bottom"},
				"west": {"uv": [2.5, 0, 13.5, 1], "texture": "#bottom"},
				"down": {"uv": [3, 12.5, 0, 1.5], "texture": "#3"}
			}
		},
		{
			"from": [0, 2.5, 0],
			"to": [3, 16, 2.5],
			"faces": {
				"north": {"uv": [0, 1, 3, 14.5], "texture": "#3"},
				"east": {"uv": [2.5, 0, 0, 13.5], "texture": "#bottom"},
				"south": {"uv": [0, 1, 3, 14.5], "texture": "#3"},
				"west": {"uv": [0, 0, 2.5, 13.5], "texture": "#bottom"}
			}
		},
		{
			"from": [0, 0, 0],
			"to": [3, 2.5, 16],
			"faces": {
				"north": {"uv": [0, 13.5, 3, 16], "texture": "#3"},
				"east": {"uv": [16, 13.5, 0, 16], "texture": "#bottom"},
				"south": {"uv": [0, 13.5, 3, 16], "texture": "#3"},
				"west": {"uv": [0, 13.5, 16, 16], "texture": "#bottom"},
				"up": {"uv": [0, 13.5, 16, 16], "rotation": 270, "texture": "#bottom"},
				"down": {"uv": [0, 16, 3, 0], "texture": "#3"}
			}
		},
		{
			"from": [0, 2.5, 13.5],
			"to": [3, 16, 16],
			"faces": {
				"north": {"uv": [0, 1, 3, 14.5], "texture": "#3"},
				"east": {"uv": [16, 0, 13.5, 13.5], "texture": "#bottom"},
				"south": {"uv": [0, 1, 3, 14.5], "texture": "#3"},
				"west": {"uv": [13.5, 0, 16, 13.5], "texture": "#bottom"}
			}
		},
		{
			"from": [0, 2.5, 5],
			"to": [3, 15, 7],
			"faces": {
				"north": {"uv": [0, 3, 3, 15.5], "texture": "#3"},
				"east": {"uv": [9, 1, 11, 13.5], "texture": "#bottom"},
				"south": {"uv": [0, 3, 3, 15.5], "texture": "#3"},
				"west": {"uv": [5, 1, 7, 13.5], "texture": "#bottom"}
			}
		},
		{
			"from": [2.25, 4, -0.25],
			"to": [3.25, 6, 1],
			"faces": {
				"north": {"uv": [0, 10, 1, 12], "texture": "#bottom"},
				"east": {"uv": [1, 10, 0, 12], "texture": "#bottom"},
				"south": {"uv": [0, 10, 1, 12], "texture": "#bottom"},
				"west": {"uv": [0, 10, 1, 12], "texture": "#bottom"},
				"up": {"uv": [0, 10, 1, 11.125], "texture": "#bottom"},
				"down": {"uv": [0, 11, 1, 12], "texture": "#bottom"}
			}
		},
		{
			"from": [-0.25, 4, -0.25],
			"to": [0.75, 6, 1],
			"faces": {
				"north": {"uv": [1, 10, 0, 12], "texture": "#bottom"},
				"east": {"uv": [1, 10, 0, 12], "texture": "#bottom"},
				"south": {"uv": [0, 10, 1, 12], "texture": "#bottom"},
				"west": {"uv": [0, 10, 1, 12], "texture": "#bottom"},
				"up": {"uv": [0, 10, 1, 11.125], "texture": "#bottom"},
				"down": {"uv": [0, 11, 1, 12], "texture": "#bottom"}
			}
		},
		{
			"from": [2.25, 15, -0.25],
			"to": [3.25, 16, 1],
			"faces": {
				"north": {"uv": [0, 0, 0.5, 1], "texture": "#bottom"},
				"east": {"uv": [1, 0, 0, 1], "texture": "#bottom"},
				"south": {"uv": [0.5, 0, 1, 1], "texture": "#bottom"},
				"west": {"uv": [0, 0, 1, 1], "texture": "#bottom"},
				"up": {"uv": [0.5, 1, 1, 0], "texture": "#bottom"},
				"down": {"uv": [0, 0, 0.5, 0.625], "texture": "#missing"}
			}
		},
		{
			"from": [-0.25, 15, -0.25],
			"to": [0.75, 16, 1],
			"faces": {
				"north": {"uv": [0, 0, 0.5, 1], "texture": "#bottom"},
				"east": {"uv": [1, 0, 0, 1], "texture": "#bottom"},
				"south": {"uv": [0.5, 0, 1, 1], "texture": "#bottom"},
				"west": {"uv": [0, 0, 1, 1], "texture": "#bottom"},
				"up": {"uv": [0.5, 1, 1, 0], "texture": "#bottom"},
				"down": {"uv": [0, 0, 0.5, 0.625], "texture": "#missing"}
			}
		},
		{
			"from": [3, 15, 14.5],
			"to": [3.25, 16, 15.5],
			"faces": {
				"north": {"uv": [15, 0.5, 15.5, 1], "texture": "#bottom"},
				"east": {"uv": [15.5, 0, 14.5, 1], "texture": "#bottom"},
				"south": {"uv": [15, 0, 15.5, 1], "texture": "#bottom"},
				"west": {"uv": [14.5, 0, 15.5, 1], "texture": "#bottom"},
				"up": {"uv": [14.5, 0, 15, 1], "texture": "#bottom"},
				"down": {"uv": [15, 1, 15.5, 0], "texture": "#bottom"}
			}
		},
		{
			"from": [-0.25, 15, 14.5],
			"to": [0, 16, 15.5],
			"faces": {
				"north": {"uv": [15, 0.5, 15.5, 1], "texture": "#bottom"},
				"east": {"uv": [15.5, 0, 14.5, 1], "texture": "#bottom"},
				"south": {"uv": [15, 0, 15.5, 1], "texture": "#bottom"},
				"west": {"uv": [14.5, 0, 15.5, 1], "texture": "#bottom"},
				"up": {"uv": [14.5, 0, 15, 1], "texture": "#bottom"},
				"down": {"uv": [15, 1, 15.5, 0], "texture": "#bottom"}
			}
		},
		{
			"from": [3, 15.5, 12.5],
			"to": [3.25, 16, 14.5],
			"faces": {
				"north": {"uv": [0, 0, 0.5, 0.5], "texture": "#bottom"},
				"east": {"uv": [14.5, 0, 12.5, 0.5], "texture": "#bottom"},
				"south": {"uv": [0, 0, 0.125, 0.25], "texture": "#missing"},
				"west": {"uv": [12.5, 0, 14.5, 0.5], "texture": "#bottom"},
				"up": {"uv": [0.5, 10, 1, 12], "texture": "#bottom"},
				"down": {"uv": [0.5, 12, 1, 10], "texture": "#bottom"}
			}
		},
		{
			"from": [-0.25, 15.5, 12.5],
			"to": [0, 16, 14.5],
			"faces": {
				"north": {"uv": [0, 0, 0.5, 0.5], "texture": "#bottom"},
				"east": {"uv": [14.5, 0, 12.5, 0.5], "texture": "#bottom"},
				"south": {"uv": [0, 0, 0.125, 0.25], "texture": "#missing"},
				"west": {"uv": [12.5, 0, 14.5, 0.5], "texture": "#bottom"},
				"up": {"uv": [0.5, 10, 1, 12], "texture": "#bottom"},
				"down": {"uv": [0.5, 12, 1, 10], "texture": "#bottom"}
			}
		}
	],
	"groups": [
		{
			"name": "group",
			"origin": [0, 0, 0],
			"color": 0,
			"children": [0, 1, 2, 3, 4, 5, 6, 7, 8, 9, 10, 11, 12, 13]
		}
	]
}