{
	"credit": "Made with Blockbench, Pompier15 www.matrice-software.fr",
	"textures": {
		"3": "ctm/doors/jungle/side",
		"particle": "block/jungle_door_top",
		"texture": "block/jungle_door_top"
	},
	"elements": [
		{
			"from": [0, 11, 11.5],
			"to": [3, 11.5, 12],
			"faces": {
				"north": {"uv": [0, 6.5, 3, 7], "texture": "#3"},
				"east": {"uv": [12, 4.5, 11.5, 5], "texture": "#texture"},
				"south": {"uv": [0, 4.5, 3, 5.5], "texture": "#texture"},
				"west": {"uv": [11.5, 4.5, 12, 5], "texture": "#texture"},
				"up": {"uv": [0, 11, 3, 12], "texture": "#texture"},
				"down": {"uv": [0, 11.5, 3, 11], "texture": "#3"}
			}
		},
		{
			"from": [0, 11.5, 4],
			"to": [3, 12, 5],
			"faces": {
				"north": {"uv": [13, 4, 16, 4.5], "texture": "#texture"},
				"east": {"uv": [5, 4, 4, 4.5], "texture": "#texture"},
				"south": {"uv": [0, 7.5, 3, 8], "texture": "#3"},
				"west": {"uv": [4, 4, 5, 4.5], "texture": "#texture"},
				"up": {"uv": [0, 4, 3, 5.5], "texture": "#texture"},
				"down": {"uv": [0, 5, 3, 4], "texture": "#3"}
			}
		},
		{
			"from": [0, 11.5, 11],
			"to": [3, 12, 12],
			"faces": {
				"north": {"uv": [0, 7.5, 3, 8], "texture": "#3"},
				"east": {"uv": [12, 4, 11, 4.5], "texture": "#texture"},
				"south": {"uv": [0, 4, 3, 4.5], "texture": "#texture"},
				"west": {"uv": [11, 4, 12, 4.5], "texture": "#texture"},
				"up": {"uv": [0, 10.5, 3, 12], "texture": "#texture"},
				"down": {"uv": [0, 11, 3, 10], "texture": "#3"}
			}
		},
		{
			"from": [0, 11, 4],
			"to": [3, 11.5, 4.5],
			"faces": {
				"north": {"uv": [13, 4.5, 16, 5.5], "texture": "#texture"},
				"east": {"uv": [4.5, 4.5, 4, 5], "texture": "#texture"},
				"south": {"uv": [0, 6.5, 3, 7], "texture": "#3"},
				"west": {"uv": [4, 4.5, 4.5, 5], "texture": "#texture"},
				"up": {"uv": [0, 4, 3, 5], "texture": "#texture"},
				"down": {"uv": [0, 5, 3, 4.5], "texture": "#3"}
			}
		},
		{
			"from": [0, 12, 4],
			"to": [3, 12.5, 6],
			"faces": {
				"north": {"uv": [13, 3.5, 16, 4], "texture": "#texture"},
				"east": {"uv": [6, 3.5, 4, 4], "texture": "#texture"},
				"south": {"uv": [0, 3.5, 3, 4], "texture": "#texture"},
				"west": {"uv": [4, 3.5, 6, 4], "texture": "#texture"},
				"up": {"uv": [0, 4, 3, 6], "texture": "#texture"},
				"down": {"uv": [0, 6, 3, 8], "texture": "#3"}
			}
		},
		{
			"from": [0, 12, 10],
			"to": [3, 12.5, 12],
			"faces": {
				"north": {"uv": [13, 3.5, 16, 4], "texture": "#texture"},
				"east": {"uv": [12, 3.5, 10, 4], "texture": "#texture"},
				"south": {"uv": [0, 3.5, 3, 4], "texture": "#texture"},
				"west": {"uv": [10, 3.5, 12, 4], "texture": "#texture"},
				"up": {"uv": [0, 10, 3, 12], "texture": "#texture"},
				"down": {"uv": [0, 12, 3, 14], "texture": "#3"}
			}
		},
		{
			"from": [0, 12.5, 9.5],
			"to": [3, 13, 12],
			"faces": {
				"north": {"uv": [0, 7, 3, 7.5], "texture": "#3"},
				"east": {"uv": [12, 3, 9.5, 3.5], "texture": "#texture"},
				"south": {"uv": [0, 3, 3, 3.5], "texture": "#texture"},
				"west": {"uv": [9.5, 3, 12, 3.5], "texture": "#texture"},
				"up": {"uv": [0, 9, 3, 12], "texture": "#texture"},
				"down": {"uv": [0, 12, 3, 9], "texture": "#texture"}
			}
		},
		{
			"from": [0, 12.5, 4],
			"to": [3, 13, 6.5],
			"faces": {
				"north": {"uv": [13, 3, 16, 3.5], "texture": "#texture"},
				"east": {"uv": [6.5, 3, 4, 3.5], "texture": "#texture"},
				"south": {"uv": [0, 7.5, 3, 8], "texture": "#3"},
				"west": {"uv": [4, 3, 6.5, 3.5], "texture": "#texture"},
				"up": {"uv": [0, 4, 3, 7], "texture": "#texture"},
				"down": {"uv": [0, 7, 3, 4], "texture": "#texture"}
			}
		},
		{
			"from": [0, 13, 4],
			"to": [3, 16, 12],
			"faces": {
				"north": {"uv": [13, 0, 16, 3], "texture": "#texture"},
				"east": {"uv": [12, 0, 4, 3], "texture": "#texture"},
				"south": {"uv": [0, 0, 3, 3], "texture": "#texture"},
				"west": {"uv": [4, 0, 12, 3], "texture": "#texture"},
				"up": {"uv": [3, 5, 0, 13], "texture": "#3"},
				"down": {"uv": [3, 11, 0, 3], "texture": "#3"}
			}
		},
		{
			"from": [0, 0, 4],
			"to": [3, 4.5, 12],
			"faces": {
				"north": {"uv": [13, 10, 16, 16], "texture": "#texture"},
				"east": {"uv": [12, 11.5, 4, 16], "texture": "#texture"},
				"south": {"uv": [0, 10, 3, 16], "texture": "#texture"},
				"west": {"uv": [4, 11.5, 12, 16], "texture": "#texture"},
				"up": {"uv": [3, 3, 0, 11], "texture": "#3"},
				"down": {"uv": [0, 12.5, 3, 4.5], "texture": "#3"}
			}
		},
		{
			"from": [0, 0.5, 0],
			"to": [3, 16, 4],
			"faces": {
				"north": {"uv": [0, 0, 3, 15.5], "texture": "#3"},
				"east": {"uv": [4, 0, 0, 15.5], "texture": "#texture"},
				"south": {"uv": [0, 0, 3, 15.5], "texture": "#3"},
				"west": {"uv": [0, 0, 4, 15.5], "texture": "#texture"},
				"up": {"uv": [3, 0, 0, 4], "texture": "#3"},
				"down": {"uv": [0, 4, 3, 0], "texture": "#texture"}
			}
		},
		{
			"from": [0, 0.5, 12],
			"to": [3, 16, 16],
			"faces": {
				"north": {"uv": [0, 0, 3, 15.5], "texture": "#3"},
				"east": {"uv": [16, 0, 12, 15.5], "texture": "#texture"},
				"south": {"uv": [0, 0, 3, 15.5], "texture": "#3"},
				"west": {"uv": [12, 0, 16, 15.5], "texture": "#texture"},
				"up": {"uv": [3, 4, 0, 0], "texture": "#3"},
				"down": {"uv": [3, 0, 0, 4], "texture": "#3"}
			}
		},
		{
			"from": [0, 4.5, 4],
			"to": [3, 7.5, 5.5],
			"faces": {
				"north": {"uv": [0, 0, 3, 3], "texture": "#missing"},
				"east": {"uv": [5.5, 8.5, 4, 11.5], "texture": "#texture"},
				"south": {"uv": [0, 3.5, 3, 6.5], "texture": "#3"},
				"west": {"uv": [4, 8.5, 5.5, 11.5], "texture": "#texture"},
				"up": {"uv": [0, 7, 3, 8.5], "texture": "#3"},
				"down": {"uv": [0, 0, 3, 1.5], "texture": "#missing"}
			}
		},
		{
			"from": [0, 4.5, 10.5],
			"to": [3, 7.5, 12],
			"faces": {
				"north": {"uv": [0, 3, 3, 6], "texture": "#3"},
				"east": {"uv": [12, 8.5, 10.5, 11.5], "texture": "#texture"},
				"south": {"uv": [0, 0, 3, 3], "texture": "#missing"},
				"west": {"uv": [10.5, 8.5, 12, 11.5], "texture": "#texture"},
				"up": {"uv": [0, 6, 3, 7.5], "texture": "#3"},
				"down": {"uv": [0, 0, 3, 1.5], "texture": "#missing"}
			}
		},
		{
			"from": [0, 6.5, 5.5],
			"to": [3, 7.5, 10.5],
			"faces": {
				"north": {"uv": [0, 0, 3, 1], "texture": "#missing"},
				"east": {"uv": [5.5, 8.5, 10.5, 9.5], "texture": "#texture"},
				"south": {"uv": [0, 0, 3, 1], "texture": "#missing"},
				"west": {"uv": [5.5, 8.5, 10.5, 9.5], "texture": "#texture"},
				"up": {"uv": [0, 3.5, 3, 8.5], "texture": "#3"},
				"down": {"uv": [0, 8, 3, 13], "texture": "#3"}
			}
		},
		{
			"from": [0, 7.5, 9.5],
			"to": [3, 12.5, 10],
			"faces": {
				"north": {"uv": [0, 4.5, 3, 9.5], "texture": "#3"},
				"east": {"uv": [9.5, 3.5, 10, 8.5], "texture": "#texture"},
				"south": {"uv": [0, 4.5, 3, 9.5], "texture": "#3"},
				"west": {"uv": [9.5, 3.5, 10, 8.5], "texture": "#texture"},
				"up": {"uv": [0, 0, 3, 0.5], "texture": "#missing"},
				"down": {"uv": [0, 0, 3, 0.5], "texture": "#missing"}
			}
		},
		{
			"from": [0, 7.5, 6],
			"to": [3, 12.5, 6.5],
			"faces": {
				"north": {"uv": [0, 7.5, 3, 12.5], "texture": "#3"},
				"east": {"uv": [6, 3.5, 6.5, 8.5], "texture": "#texture"},
				"south": {"uv": [0, 5.5, 3, 10.5], "texture": "#3"},
				"west": {"uv": [6, 3.5, 6.5, 8.5], "texture": "#texture"},
				"up": {"uv": [0, 0, 3, 0.5], "texture": "#missing"},
				"down": {"uv": [0, 0, 3, 0.5], "texture": "#missing"}
			}
		},
		{
			"from": [0, 4.5, 5.5],
			"to": [3, 5, 6.5],
			"faces": {
				"north": {"uv": [0, 0, 3, 0.5], "texture": "#missing"},
				"east": {"uv": [6.5, 11, 5.5, 11.5], "texture": "#texture"},
				"south": {"uv": [0, 4.5, 3, 5], "texture": "#3"},
				"west": {"uv": [5.5, 11, 6.5, 11.5], "texture": "#texture"},
				"up": {"uv": [0, 7, 3, 7.5], "texture": "#3"},
				"down": {"uv": [0, 0, 3, 1], "texture": "#missing"}
			}
		},
		{
			"from": [0, 4.5, 9.5],
			"to": [3, 5, 10.5],
			"faces": {
				"north": {"uv": [0, 7, 3, 7.5], "texture": "#3"},
				"east": {"uv": [10.5, 11, 9.5, 11.5], "texture": "#texture"},
				"south": {"uv": [0, 0, 3, 0.5], "texture": "#missing"},
				"west": {"uv": [9.5, 11, 10.5, 11.5], "texture": "#texture"},
				"up": {"uv": [0, 6, 3, 6.5], "texture": "#3"},
				"down": {"uv": [0, 0, 3, 1], "texture": "#missing"}
			}
		},
		{
			"from": [0, 5, 5.5],
			"to": [3, 5.5, 6],
			"faces": {
				"north": {"uv": [0, 0, 3, 0.5], "texture": "#missing"},
				"east": {"uv": [0, 0, 0.5, 0.5], "texture": "#texture"},
				"south": {"uv": [0, 5.5, 3, 6], "texture": "#3"},
				"west": {"uv": [5.5, 10.5, 6, 11], "texture": "#texture"},
				"up": {"uv": [0, 7, 3, 7.5], "texture": "#3"},
				"down": {"uv": [0, 0, 3, 0.5], "texture": "#missing"}
			}
		},
		{
			"from": [0, 5, 10],
			"to": [3, 5.5, 10.5],
			"faces": {
				"north": {"uv": [0, 7.5, 3, 8], "texture": "#3"},
				"east": {"uv": [10, 10.5, 10.5, 11], "texture": "#texture"},
				"south": {"uv": [0, 0, 3, 0.5], "texture": "#missing"},
				"west": {"uv": [10, 10.5, 10.5, 11], "texture": "#texture"},
				"up": {"uv": [0, 4.5, 3, 5], "texture": "#3"},
				"down": {"uv": [0, 0, 3, 0.5], "texture": "#missing"}
			}
		},
		{
			"from": [0, 0, 0],
			"to": [3, 0.5, 4],
			"faces": {
				"north": {"uv": [0, 12, 3, 12.5], "texture": "#3"},
				"east": {"uv": [4, 15.5, 0, 16], "texture": "#texture"},
				"south": {"uv": [0, 0, 3, 0.5], "texture": "#missing"},
				"west": {"uv": [0, 15.5, 4, 16], "texture": "#texture"},
				"up": {"uv": [0, 0, 3, 4], "texture": "#missing"},
				"down": {"uv": [0, 12, 3, 16], "texture": "#3"}
			}
		},
		{
			"from": [0, 0, 12],
			"to": [3, 0.5, 16],
			"faces": {
				"north": {"uv": [0, 0, 3, 0.5], "texture": "#missing"},
				"east": {"uv": [16, 15.5, 12, 16], "texture": "#texture"},
				"south": {"uv": [0, 8.5, 3, 9], "texture": "#3"},
				"west": {"uv": [12, 15.5, 16, 16], "texture": "#texture"},
				"up": {"uv": [0, 0, 3, 4], "texture": "#missing"},
				"down": {"uv": [0, 0, 3, 4], "texture": "#3"}
			}
		},
		{
			"from": [2.25, 0, -0.25],
			"to": [3.25, 1, 1],
			"faces": {
				"north": {"uv": [0, 15, 0.5, 16], "texture": "#texture"},
				"east": {"uv": [1, 15, 0, 16], "texture": "#texture"},
				"south": {"uv": [0.5, 15, 1, 16], "texture": "#texture"},
				"west": {"uv": [0, 15, 1, 16], "texture": "#texture"},
				"up": {"uv": [0, 15, 0.5, 15.5], "texture": "#texture"},
				"down": {"uv": [0, 15, 0.5, 15.5], "texture": "#texture"}
			}
		},
		{
			"from": [-0.25, 0, -0.25],
			"to": [0.75, 1, 1],
			"faces": {
				"north": {"uv": [0, 15, 0.5, 16], "texture": "#texture"},
				"east": {"uv": [1, 15, 0, 16], "texture": "#texture"},
				"south": {"uv": [0.5, 15, 1, 16], "texture": "#texture"},
				"west": {"uv": [0, 15, 1, 16], "texture": "#texture"},
				"up": {"uv": [0, 15, 0.5, 15.5], "texture": "#texture"},
				"down": {"uv": [0, 15, 0.5, 15.5], "texture": "#texture"}
			}
		},
		{
			"from": [2.25, 10, -0.25],
			"to": [3.25, 12, 1],
			"faces": {
				"north": {"uv": [0, 4, 0.5, 6], "texture": "#texture"},
				"east": {"uv": [1, 4, 0, 6], "texture": "#texture"},
				"south": {"uv": [0.5, 4, 1, 6], "texture": "#texture"},
				"west": {"uv": [0, 4, 1, 6], "texture": "#texture"},
				"up": {"uv": [0, 4, 0.5, 4.5], "texture": "#texture"},
				"down": {"uv": [0, 4, 0.5, 4.5], "texture": "#texture"}
			}
		},
		{
			"from": [-0.25, 10, -0.25],
			"to": [0.75, 12, 1],
			"faces": {
				"north": {"uv": [0, 4, 0.5, 6], "texture": "#texture"},
				"east": {"uv": [1, 4, 0, 6], "texture": "#texture"},
				"south": {"uv": [0.5, 4, 1, 6], "texture": "#texture"},
				"west": {"uv": [0, 4, 1, 6], "texture": "#texture"},
				"up": {"uv": [0, 4, 0.5, 4.5], "texture": "#texture"},
				"down": {"uv": [0, 4, 0.5, 4.5], "texture": "#texture"}
			}
		},
		{
			"from": [3, 0, 11],
			"to": [3.25, 1, 12],
			"faces": {
				"north": {"uv": [11, 15, 11.5, 16], "texture": "#texture"},
				"east": {"uv": [12, 15, 11, 16], "texture": "#texture"},
				"south": {"uv": [11.5, 15, 12, 16], "texture": "#texture"},
				"west": {"uv": [11, 15, 12, 16], "texture": "#texture"},
				"up": {"uv": [11.5, 14.5, 12, 15.5], "texture": "#texture"},
				"down": {"uv": [11, 15.5, 12, 16], "texture": "#texture"}
			}
		},
		{
			"from": [-0.25, 0, 11],
			"to": [0, 1, 12],
			"faces": {
				"north": {"uv": [11, 15, 11.5, 16], "texture": "#texture"},
				"east": {"uv": [12, 15, 11, 16], "texture": "#texture"},
				"south": {"uv": [11.5, 15, 12, 16], "texture": "#texture"},
				"west": {"uv": [11, 15, 12, 16], "texture": "#texture"},
				"up": {"uv": [11.5, 14.5, 12, 15.5], "texture": "#texture"},
				"down": {"uv": [11, 15.5, 12, 16], "texture": "#texture"}
			}
		},
		{
			"from": [3, 1, 11.5],
			"to": [3.25, 1.5, 12],
			"faces": {
				"north": {"uv": [11.5, 14.5, 12, 15], "texture": "#texture"},
				"east": {"uv": [11.5, 14.5, 12, 15], "texture": "#texture"},
				"south": {"uv": [0, 0, 0.25, 0.5], "texture": "#missing"},
				"west": {"uv": [11.5, 14.5, 12, 15], "texture": "#texture"},
				"up": {"uv": [11.5, 14.5, 12, 15], "texture": "#texture"},
				"down": {"uv": [0, 0, 0.25, 0.5], "texture": "#missing"}
			}
		},
		{
			"from": [-0.25, 1, 11.5],
			"to": [0, 1.5, 12],
			"faces": {
				"north": {"uv": [11.5, 14.5, 12, 15], "texture": "#texture"},
				"east": {"uv": [11.5, 14.5, 12, 15], "texture": "#texture"},
				"south": {"uv": [0, 0, 0.25, 0.5], "texture": "#missing"},
				"west": {"uv": [11.5, 14.5, 12, 15], "texture": "#texture"},
				"up": {"uv": [11.5, 14.5, 12, 15], "texture": "#texture"},
				"down": {"uv": [0, 0, 0.25, 0.5], "texture": "#missing"}
			}
		},
		{
			"from": [3, 0.5, 12],
			"to": [3.25, 1.5, 14],
			"faces": {
				"north": {"uv": [0, 0, 0.25, 1], "texture": "#missing"},
				"east": {"uv": [14, 14.5, 12, 15.5], "texture": "#texture"},
				"south": {"uv": [0, 0, 0.25, 1], "texture": "#missing"},
				"west": {"uv": [12, 14.5, 14, 15.5], "texture": "#texture"},
				"up": {"uv": [11.5, 14.5, 12, 15.5], "texture": "#texture"},
				"down": {"uv": [11.5, 16, 12, 15], "texture": "#texture"}
			}
		},
		{
			"from": [-0.25, 0.5, 12],
			"to": [0, 1.5, 14],
			"faces": {
				"north": {"uv": [0, 0, 0.25, 1], "texture": "#missing"},
				"east": {"uv": [14, 14.5, 12, 15.5], "texture": "#texture"},
				"south": {"uv": [0, 0, 0.25, 1], "texture": "#missing"},
				"west": {"uv": [12, 14.5, 14, 15.5], "texture": "#texture"},
				"up": {"uv": [11.5, 14.5, 12, 15.5], "texture": "#texture"},
				"down": {"uv": [11.5, 16, 12, 15], "texture": "#texture"}
			}
		},
		{
			"from": [3, 0, 14],
			"to": [3.25, 2, 15],
			"faces": {
				"north": {"uv": [14, 14, 14.5, 16], "texture": "#texture"},
				"east": {"uv": [15, 14, 14, 16], "texture": "#texture"},
				"south": {"uv": [14.5, 14, 15, 16], "texture": "#texture"},
				"west": {"uv": [14, 14, 15, 16], "texture": "#texture"},
				"up": {"uv": [14.5, 14, 15, 15], "texture": "#texture"},
				"down": {"uv": [14.5, 15, 15, 16], "texture": "#texture"}
			}
		},
		{
			"from": [-0.25, 0, 14],
			"to": [0, 2, 15],
			"faces": {
				"north": {"uv": [14, 14, 14.5, 16], "texture": "#texture"},
				"east": {"uv": [15, 14, 14, 16], "texture": "#texture"},
				"south": {"uv": [14.5, 14, 15, 16], "texture": "#texture"},
				"west": {"uv": [14, 14, 15, 16], "texture": "#texture"},
				"up": {"uv": [14.5, 14, 15, 15], "texture": "#texture"},
				"down": {"uv": [14.5, 15, 15, 16], "texture": "#texture"}
			}
		}
	],
	"groups": [
		{
			"name": "group",
			"origin": [0, 0, 0],
			"color": 0,
			"children": [0, 1, 2, 3, 4, 5, 6, 7, 8, 9, 10, 11, 12, 13, 14, 15, 16, 17, 18, 19, 20, 21, 22, 23, 24, 25, 26, 27, 28, 29, 30, 31, 32, 33, 34]
		}
	]
}