{
	"credit": "Made with Blockbench, Pompier15 www.matrice-software.fr",
	"textures": {
		"particle": "block/dark_oak_door_top",
		"texture": "block/dark_oak_door_top",
		"texture1": "ctm/doors/dark_oak/side",
		"texture2": "ctm/doors/dark_oak/front"
	},
	"elements": [
		{
			"name": "Box1",
			"from": [0.5, 0, 0],
			"to": [2.5, 16, 16],
			"faces": {
				"north": {"uv": [15.5, 16, 13.5, 0], "texture": "#texture1"},
				"east": {"uv": [0, 0, 16, 16], "texture": "#texture"},
				"south": {"uv": [15.5, 16, 13.5, 0], "texture": "#texture1"},
				"west": {"uv": [16, 0, 0, 16], "texture": "#texture"},
				"up": {"uv": [0, 0.5, 16, 2.5], "rotation": 270, "texture": "#texture2"}
			}
		},
		{
			"name": "Box1",
			"from": [0, 0, 0],
			"to": [0.5, 1.5, 16],
			"faces": {
				"north": {"uv": [15.5, 14.5, 16, 16], "texture": "#texture"},
				"south": {"uv": [0, 14.5, 0.5, 16], "texture": "#texture"},
				"west": {"uv": [16, 14.5, 0, 16], "texture": "#texture"},
				"up": {"uv": [0, 14.5, 16, 15], "rotation": 270, "texture": "#texture"}
			}
		},
		{
			"name": "Box1",
			"from": [0, 13.5, 0],
			"to": [0.5, 16, 16],
			"faces": {
				"north": {"uv": [15.5, 0, 16, 2.5], "texture": "#texture"},
				"south": {"uv": [0, 0, 0.5, 2.5], "texture": "#texture"},
				"west": {"uv": [16, 0, 0, 2.5], "texture": "#texture"},
				"up": {"uv": [0, 0, 16, 0.5], "rotation": 270, "texture": "#texture"},
				"down": {"uv": [0, 2, 16, 2.5], "rotation": 270, "texture": "#texture"}
			}
		},
		{
			"name": "Box1",
			"from": [0, 1.5, 13.5],
			"to": [0.5, 13.5, 16],
			"faces": {
				"north": {"uv": [2, 2.5, 2.5, 14.5], "texture": "#texture"},
				"south": {"uv": [0, 2.5, 0.5, 14.5], "texture": "#texture"},
				"west": {"uv": [2.5, 2.5, 0, 14.5], "texture": "#texture"}
			}
		},
		{
			"name": "Box1",
			"from": [0, 1.5, 6.5],
			"to": [0.5, 13.5, 9.5],
			"faces": {
				"north": {"uv": [9, 2.5, 9.5, 14.5], "texture": "#texture"},
				"south": {"uv": [6.5, 2.5, 7, 14.5], "texture": "#texture"},
				"west": {"uv": [9.5, 2.5, 6.5, 14.5], "texture": "#texture"}
			}
		},
		{
			"name": "Box1",
			"from": [0, 1.5, 0],
			"to": [0.5, 13.5, 2.5],
			"faces": {
				"north": {"uv": [15.5, 2.5, 16, 14.5], "texture": "#texture"},
				"south": {"uv": [13.5, 2.5, 14, 14.5], "texture": "#texture"},
				"west": {"uv": [16, 2.5, 13.5, 14.5], "texture": "#texture"}
			}
		},
		{
			"name": "Box1",
			"from": [2.5, 0, 0],
			"to": [3, 1.5, 16],
			"faces": {
				"north": {"uv": [15.5, 14.5, 16, 16], "texture": "#texture"},
				"east": {"uv": [0, 14.5, 16, 16], "texture": "#texture"},
				"south": {"uv": [0, 14.5, 0.5, 16], "texture": "#texture"},
				"up": {"uv": [0, 14.5, 16, 15], "rotation": 270, "texture": "#texture"}
			}
		},
		{
			"name": "Box1",
			"from": [2.5, 13.5, 0],
			"to": [3, 16, 16],
			"faces": {
				"north": {"uv": [15.5, 0, 16, 2.5], "texture": "#texture"},
				"east": {"uv": [0, 0, 16, 2.5], "texture": "#texture"},
				"south": {"uv": [0, 0, 0.5, 2.5], "texture": "#texture"},
				"up": {"uv": [0, 0, 16, 0.5], "rotation": 270, "texture": "#texture"},
				"down": {"uv": [0, 2, 16, 2.5], "rotation": 270, "texture": "#texture"}
			}
		},
		{
			"name": "Box1",
			"from": [2.5, 1.5, 13.5],
			"to": [3, 13.5, 16],
			"faces": {
				"north": {"uv": [2, 2.5, 2.5, 14.5], "texture": "#texture"},
				"east": {"uv": [0, 2.5, 2.5, 14.5], "texture": "#texture"},
				"south": {"uv": [0, 2.5, 0.5, 14.5], "texture": "#texture"}
			}
		},
		{
			"name": "Box1",
			"from": [2.5, 1.5, 6.5],
			"to": [3, 13.5, 9.5],
			"faces": {
				"north": {"uv": [9, 2.5, 9.5, 14.5], "texture": "#texture"},
				"east": {"uv": [6.5, 2.5, 9.5, 14.5], "texture": "#texture"},
				"south": {"uv": [6.5, 2.5, 7, 14.5], "texture": "#texture"}
			}
		},
		{
			"name": "Box1",
			"from": [2.5, 1.5, 0],
			"to": [3, 13.5, 2.5],
			"faces": {
				"north": {"uv": [15.5, 2.5, 16, 14.5], "texture": "#texture"},
				"east": {"uv": [13.5, 2.5, 16, 14.5], "texture": "#texture"},
				"south": {"uv": [13.5, 2.5, 14, 14.5], "texture": "#texture"}
			}
		},
		{
			"from": [-0.25, 0, 15],
			"to": [1, 1, 16.25],
			"faces": {
				"north": {"uv": [1, 15, 0, 16], "texture": "#texture"},
				"east": {"uv": [1, 15, 0, 16], "texture": "#texture"},
				"south": {"uv": [1, 15, 0, 16], "texture": "#texture"},
				"west": {"uv": [1, 15, 0, 16], "texture": "#texture"},
				"up": {"uv": [1, 15, 0, 15.5], "rotation": 180, "texture": "#texture"},
				"down": {"uv": [1, 15.5, 0, 16], "rotation": 180, "texture": "#texture"}
			}
		},
		{
			"from": [-0.25, 10, 15],
			"to": [1, 12, 16.25],
			"faces": {
				"north": {"uv": [0.5, 4, 1, 6], "texture": "#texture"},
				"east": {"uv": [0, 4, 1, 6], "texture": "#texture"},
				"south": {"uv": [0, 4, 0.5, 6], "texture": "#texture"},
				"west": {"uv": [1, 4, 0, 6], "texture": "#texture"},
				"up": {"uv": [0, 4, 1, 4.5], "rotation": 180, "texture": "#texture"},
				"down": {"uv": [0, 5.5, 1, 6], "rotation": 180, "texture": "#texture"}
			}
		},
		{
			"from": [2, 10, 15],
			"to": [3.25, 12, 16.25],
			"faces": {
				"north": {"uv": [0.5, 4, 1, 6], "texture": "#texture"},
				"east": {"uv": [0, 4, 1, 6], "texture": "#texture"},
				"south": {"uv": [0, 4, 0.5, 6], "texture": "#texture"},
				"west": {"uv": [0, 4, 0.5, 6], "texture": "#texture"},
				"up": {"uv": [0, 4, 1, 4.5], "rotation": 180, "texture": "#texture"},
				"down": {"uv": [0, 5.5, 1, 6], "rotation": 180, "texture": "#texture"}
			}
		},
		{
			"from": [2, 0, 15],
			"to": [3.25, 1, 16.25],
			"faces": {
				"north": {"uv": [0, 15, 1, 16], "texture": "#texture"},
				"east": {"uv": [0, 15, 1, 16], "texture": "#texture"},
				"south": {"uv": [0, 15, 1, 16], "texture": "#texture"},
				"west": {"uv": [0, 15, 1, 16], "texture": "#texture"},
				"up": {"uv": [0, 15, 1, 15.5], "rotation": 180, "texture": "#texture"},
				"down": {"uv": [0, 15.5, 1, 16], "rotation": 180, "texture": "#texture"}
			}
		},
		{
			"from": [3, 0, 3.5],
			"to": [3.25, 1, 4.5],
			"faces": {
				"north": {"uv": [12, 15, 12.25, 16], "texture": "#texture"},
				"east": {"uv": [11.5, 15, 12.5, 16], "texture": "#texture"},
				"south": {"uv": [11.5, 15, 11.75, 16], "texture": "#texture"},
				"west": {"uv": [0, 0, 1, 1], "texture": "#missing"},
				"up": {"uv": [11.75, 15, 12, 16], "rotation": 180, "texture": "#texture"},
				"down": {"uv": [12, 15, 12.25, 16], "rotation": 180, "texture": "#texture"}
			}
		},
		{
			"from": [3, 0.5, 2.5],
			"to": [3.25, 1, 3.5],
			"faces": {
				"north": {"uv": [12.5, 15, 13.5, 15.5], "texture": "#texture"},
				"east": {"uv": [12.5, 15, 13.5, 15.5], "texture": "#texture"},
				"south": {"uv": [12.5, 15, 13.5, 15.5], "texture": "#texture"},
				"west": {"uv": [12.5, 15, 13.5, 15.5], "texture": "#texture"},
				"up": {"uv": [12.5, 15, 13.5, 15.5], "rotation": 180, "texture": "#texture"},
				"down": {"uv": [12.5, 15, 13.5, 15.5], "rotation": 180, "texture": "#texture"}
			}
		},
		{
			"from": [3, 0, 4.5],
			"to": [3.25, 0.5, 5],
			"faces": {
				"north": {"uv": [11, 15.5, 11.5, 16], "texture": "#texture"},
				"east": {"uv": [11, 15.5, 11.5, 16], "texture": "#texture"},
				"south": {"uv": [11, 15.5, 11.5, 16], "texture": "#texture"},
				"west": {"uv": [11, 15.5, 11.5, 16], "texture": "#texture"},
				"up": {"uv": [11, 15.5, 11.5, 16], "rotation": 180, "texture": "#texture"},
				"down": {"uv": [11, 15.5, 11.5, 16], "rotation": 180, "texture": "#texture"}
			}
		},
		{
			"from": [-0.25, 0, 4.5],
			"to": [0, 0.5, 5],
			"faces": {
				"north": {"uv": [11, 15.5, 11.5, 16], "texture": "#texture"},
				"east": {"uv": [11, 15.5, 11.5, 16], "texture": "#texture"},
				"south": {"uv": [11, 15.5, 11.5, 16], "texture": "#texture"},
				"west": {"uv": [11, 15.5, 11.5, 16], "texture": "#texture"},
				"up": {"uv": [11, 15.5, 11.5, 16], "rotation": 180, "texture": "#texture"},
				"down": {"uv": [11, 15.5, 11.5, 16], "rotation": 180, "texture": "#texture"}
			}
		},
		{
			"from": [-0.25, 0, 3.5],
			"to": [0, 1, 4.5],
			"faces": {
				"north": {"uv": [12, 15, 12.25, 16], "texture": "#texture"},
				"east": {"uv": [11.5, 15, 12.5, 16], "texture": "#texture"},
				"south": {"uv": [11.5, 15, 11.75, 16], "texture": "#texture"},
				"west": {"uv": [12.5, 15, 11.5, 16], "texture": "#texture"},
				"up": {"uv": [11.75, 15, 12, 16], "rotation": 180, "texture": "#texture"},
				"down": {"uv": [12, 15, 12.25, 16], "rotation": 180, "texture": "#texture"}
			}
		},
		{
			"from": [-0.25, 0.5, 2.5],
			"to": [0, 1, 3.5],
			"faces": {
				"north": {"uv": [12.5, 15, 13.5, 15.5], "texture": "#texture"},
				"east": {"uv": [12.5, 15, 13.5, 15.5], "texture": "#texture"},
				"south": {"uv": [12.5, 15, 13.5, 15.5], "texture": "#texture"},
				"west": {"uv": [12.5, 15, 13.5, 15.5], "texture": "#texture"},
				"up": {"uv": [12.5, 15, 13.5, 15.5], "rotation": 180, "texture": "#texture"},
				"down": {"uv": [12.5, 15, 13.5, 15.5], "rotation": 180, "texture": "#texture"}
			}
		}
	],
	"groups": [
		{
			"name": "group",
			"origin": [0, 0, 0],
			"color": 0,
			"children": [0, 1, 2, 3, 4, 5, 6, 7, 8, 9, 10, 11, 12, 13, 14, 15, 16, 17, 18, 19, 20]
		}
	]
}