{
	"credit": "Made with Blockbench",
	"textures": {
		"0": "entity/panda/playful_panda",
		"particle": "entity/panda/playful_panda"
	},
	"elements": [
		{
			"from": [5, 2, 6],
			"to": [11, 6, 14],
			"faces": {
				"north": {"uv": [3.25, 6.25, 8, 9.5], "texture": "#0"},
				"east": {"uv": [11.75, 9.5, 7.625, 16], "rotation": 90, "texture": "#0"},
				"south": {"uv": [8, 6.25, 12.75, 9.5], "texture": "#0"},
				"west": {"uv": [0, 16, 3.375, 9.5], "rotation": 90, "texture": "#0"},
				"up": {"uv": [11.75, 9.5, 16, 16], "texture": "#0"},
				"down": {"uv": [3.375, 9.5, 7.5, 16], "texture": "#0"}
			}
		},
		{
			"from": [4, 4, 4],
			"to": [12, 10, 9],
			"faces": {
				"north": {"uv": [2.25, 3.75, 5.5, 6.25], "texture": "#0"},
				"east": {"uv": [0, 3.75, 2.25, 6.25], "texture": "#0"},
				"south": {"uv": [7.75, 3.75, 11, 6.25], "texture": "#0"},
				"west": {"uv": [5.5, 3.75, 7.75, 6.25], "texture": "#0"},
				"up": {"uv": [2.25, 3.75, 5.5, 1.5], "texture": "#0"},
				"down": {"uv": [5.5, 1.5, 8.75, 3.75], "texture": "#0"}
			}
		},
		{
			"from": [5.75, 4, 2.5],
			"to": [10.25, 7, 4],
			"faces": {
				"north": {"uv": [11.625, 4.5, 13.625, 5.75], "texture": "#0"},
				"east": {"uv": [13.5, 4, 14.375, 4.5], "texture": "#0"},
				"south": {"uv": [0, 0, 6, 2.5], "texture": "#missing"},
				"west": {"uv": [14.375, 4, 15.25, 4.5], "texture": "#0"},
				"up": {"uv": [11.75, 4, 13.5, 4.5], "texture": "#0"},
				"down": {"uv": [14, 4.5, 15.75, 5.75], "texture": "#0"}
			}
		},
		{
			"from": [3, 9, 5],
			"to": [5, 11, 6],
			"faces": {
				"north": {"uv": [11.5, 0, 13, 1.5], "texture": "#0"},
				"east": {"uv": [11.5, 0, 13, 1.5], "texture": "#0"},
				"south": {"uv": [11.5, 0, 13, 1.5], "texture": "#0"},
				"west": {"uv": [11.5, 0, 13, 1.5], "texture": "#0"},
				"up": {"uv": [11.5, 0, 13, 1.5], "texture": "#0"},
				"down": {"uv": [11.5, 0, 13, 1.5], "texture": "#0"}
			}
		},
		{
			"from": [11, 9, 5],
			"to": [13, 11, 6],
			"faces": {
				"north": {"uv": [11.625, 0, 13, 1.5], "texture": "#0"},
				"east": {"uv": [11.625, 0, 13, 1.5], "texture": "#0"},
				"south": {"uv": [11.625, 0, 13, 1.5], "texture": "#0"},
				"west": {"uv": [11.625, 0, 13, 1.5], "texture": "#0"},
				"up": {"uv": [11.625, 0, 13, 1.5], "texture": "#0"},
				"down": {"uv": [11.625, 0, 13, 1.5], "texture": "#0"}
			}
		},
		{
			"from": [5.25, 0, 7],
			"to": [7.25, 2, 9],
			"faces": {
				"north": {"uv": [10, 1.5, 11.5, 2.75], "texture": "#0"},
				"east": {"uv": [10, 1.5, 11.5, 2.75], "texture": "#0"},
				"south": {"uv": [10, 1.5, 11.5, 2.75], "texture": "#0"},
				"west": {"uv": [10, 1.5, 11.5, 2.75], "texture": "#0"},
				"up": {"uv": [10, 1.5, 11.5, 2.75], "texture": "#0"},
				"down": {"uv": [10, 1.5, 11.5, 2.75], "texture": "#0"}
			}
		},
		{
			"from": [8.75, 0, 7],
			"to": [10.75, 2, 9],
			"faces": {
				"north": {"uv": [10, 1.5, 11.5, 2.75], "texture": "#0"},
				"east": {"uv": [10, 1.5, 11.5, 2.75], "texture": "#0"},
				"south": {"uv": [10, 1.5, 11.5, 2.75], "texture": "#0"},
				"west": {"uv": [10, 1.5, 11.5, 2.75], "texture": "#0"},
				"up": {"uv": [10, 1.5, 11.5, 2.75], "texture": "#0"},
				"down": {"uv": [10, 1.5, 11.5, 2.75], "texture": "#0"}
			}
		},
		{
			"from": [5.25, 0, 11],
			"to": [7.25, 2, 13],
			"faces": {
				"north": {"uv": [10, 1.5, 11.5, 2.75], "texture": "#0"},
				"east": {"uv": [10, 1.5, 11.5, 2.75], "texture": "#0"},
				"south": {"uv": [10, 1.5, 11.5, 2.75], "texture": "#0"},
				"west": {"uv": [10, 1.5, 11.5, 2.75], "texture": "#0"},
				"up": {"uv": [10, 1.5, 11.5, 2.75], "texture": "#0"},
				"down": {"uv": [10, 1.5, 11.5, 2.75], "texture": "#0"}
			}
		},
		{
			"from": [8.75, 0, 11],
			"to": [10.75, 2, 13],
			"faces": {
				"north": {"uv": [10, 1.5, 11.5, 2.75], "texture": "#0"},
				"east": {"uv": [10, 1.5, 11.5, 2.75], "texture": "#0"},
				"south": {"uv": [10, 1.5, 11.5, 2.75], "texture": "#0"},
				"west": {"uv": [10, 1.5, 11.5, 2.75], "texture": "#0"},
				"up": {"uv": [10, 1.5, 11.5, 2.75], "texture": "#0"},
				"down": {"uv": [10, 1.5, 11.5, 2.75], "texture": "#0"}
			}
		}
	],
	"display": {
		"thirdperson_righthand": {
			"rotation": [60, 0, 0],
			"translation": [1.5, 3, 15.75],
			"scale": [0.666, 0.666, 0.666]
		},
		"thirdperson_lefthand": {
			"rotation": [60, 0, 0],
			"translation": [1.5, 3, 15.75],
			"scale": [0.666, 0.666, 0.666]
		},
		"firstperson_righthand": {
			"translation": [6, 0, 0],
			"scale": [0.666, 0.666, 0.666]
		},
		"firstperson_lefthand": {
			"translation": [6, 0, 0],
			"scale": [0.666, 0.666, 0.666]
		},
		"ground": {
			"translation": [0, 4.5, 0]
		},
		"gui": {
			"rotation": [0, -146, 0],
			"translation": [0, 1.25, 0]
		},
		"head": {
			"translation": [0, 14.5, 0]
		}
	},
	"groups": [
		{
			"name": "group",
			"origin": [0, 0, 0],
			"color": 0,
			"children": [0, 1, 2, 3, 4, 5, 6, 7, 8]
		}
	]
}